G_ID,GDAY_DS,T_ID,VS_T_ID,HEADER_NO,TB_SC,CG_CK,QUIT_CK,WLS,HOLD,INN2,BF,PA,AB,HIT,H2,H3,HR,SB,CS,SH,SF,BB,IB,HP,KK,GD,WP,BK,ERR,R,ER,P_WHIP_RT,P2_WHIP_RT,CB_WHIP_RT
20210403SSWO0,20210403,WO,SS,0,B,0,0,W,0,27,123,32,31,6,0,0,0,0,0,0,0,1,0,0,3,1,0,0,0,1,1,1,0,0.545454545
20210403SSWO0,20210403,SS,WO,0,T,0,0,L,0,24,136,36,32,8,4,0,0,0,0,0,0,4,1,0,8,0,0,0,0,6,5,1.714285714,0,2.142857143
20210404HHKT0,20210404,HH,KT,0,T,0,0,L,0,26,139,35,31,6,1,0,1,3,0,0,1,3,0,0,6,0,0,0,0,3,3,1.5,0,1
20210404HHKT0,20210404,KT,HH,0,B,0,0,W,0,27,139,38,31,6,0,0,0,1,0,2,0,5,0,0,10,0,1,0,0,2,2,1.5,0,0.6
20210404HTOB0,20210404,OB,HT,0,B,0,0,W,0,27,142,37,34,9,0,1,0,0,0,0,0,3,0,0,6,3,0,0,0,1,1,0.5,0,0.9
20210404HTOB0,20210404,HT,OB,0,T,0,0,L,0,24,118,33,30,8,1,0,1,1,0,1,0,2,0,0,3,1,0,0,0,4,4,2,0,1
20210404LGNC0,20210404,LG,NC,0,T,0,0,W,1,27,147,35,30,6,1,0,1,0,1,0,0,4,0,1,10,2,0,0,0,1,1,0.5,0,1.333333333
20210404LGNC0,20210404,NC,LG,0,B,0,0,L,0,27,178,40,35,8,1,0,0,1,1,0,0,5,0,0,9,0,0,1,0,2,2,0.857142857,0,0.818181818
20210404LTSK0,20210404,LT,SK,0,T,0,0,L,0,24,148,34,31,9,1,0,4,2,0,0,0,3,0,0,8,2,1,0,0,5,5,0.5,0,4.2
20210404LTSK0,20210404,SK,LT,0,B,0,0,W,2,27,144,38,37,12,1,0,2,0,1,0,0,1,0,0,5,1,0,0,0,3,3,1.2,0,1.875
20210404SSWO0,20210404,WO,SS,0,B,0,0,W,1,27,169,42,35,8,2,0,0,2,0,0,1,5,0,1,9,0,3,1,0,4,2,0.857142857,0,1.333333333
20210404SSWO0,20210404,SS,WO,0,T,0,0,L,0,24,155,40,32,11,1,0,2,1,0,0,0,6,0,2,6,1,1,0,0,7,7,3,0,1
20210406HHSK0,20210406,HH,SK,0,T,0,0,L,0,24,130,31,28,5,1,0,1,1,0,0,0,3,0,0,12,0,0,0,0,2,2,1.5,0,0.3
20210406HHSK0,20210406,SK,HH,0,B,0,0,W,1,27,124,31,28,2,0,0,1,1,0,0,0,2,0,1,8,0,0,0,0,1,1,0,0,0
20210406HTWO0,20210406,WO,HT,0,B,0,0,L,2,33,198,49,44,13,2,0,1,1,0,1,1,2,0,1,10,0,1,0,1,5,4,1.25,0,0.1875
20210406HTWO0,20210406,HT,WO,0,T,0,0,W,0,33,177,41,38,5,1,1,0,2,0,0,0,2,0,1,13,0,0,0,0,4,4,3,0,0.75
20210406LGKT0,20210406,KT,LG,0,B,0,0,L,0,27,129,32,30,4,2,0,0,0,0,1,0,1,0,0,6,1,0,0,1,3,2,0,0,0
20210406LGKT0,20210406,LG,KT,0,T,0,0,W,2,27,143,33,29,4,1,0,0,0,0,0,0,4,0,0,10,2,0,0,1,2,2,2,0,0.545454545
20210406LTNC0,20210406,NC,LT,0,B,0,0,L,0,27,204,48,43,15,2,0,3,0,1,0,0,4,1,1,10,0,0,0,0,10,9,1.909090909,0,2.666666667
20210406LTNC0,20210406,LT,NC,0,T,0,0,W,1,27,142,38,32,8,2,0,1,1,0,0,2,1,0,3,7,1,1,0,0,5,5,0.375,0,0.666666667
20210406SSOB0,20210406,OB,SS,0,B,0,0,W,2,27,153,35,34,9,0,0,0,0,1,0,0,1,0,0,7,1,0,0,0,3,3,1,0,1
20210406SSOB0,20210406,SS,OB,0,T,0,0,L,0,24,154,36,30,8,0,0,2,1,2,0,1,5,0,0,5,0,1,0,0,6,6,2,0,1.2
20210407HHSK0,20210407,HH,SK,0,T,0,0,W,0,27,162,37,30,4,1,0,0,0,0,0,0,6,0,1,6,1,0,0,0,0,0,0.5,0,1
20210407HHSK0,20210407,SK,HH,0,B,0,0,L,0,27,237,55,44,18,7,0,0,0,1,0,1,10,0,0,11,0,1,1,0,17,16,3.461538462,0,2.666666667
20210407HTWO0,20210407,WO,HT,0,B,0,0,L,0,36,229,59,49,15,3,0,0,1,0,2,0,7,1,1,5,0,1,0,0,8,8,1.588235294,0,2.454545455
20210407HTWO0,20210407,HT,WO,0,T,0,0,W,2,36,218,52,45,8,2,0,0,1,0,0,0,5,0,2,10,1,2,0,0,7,5,0.461538462,0,1.25
20210407LGKT0,20210407,KT,LG,0,B,0,0,W,1,27,154,41,32,6,1,0,0,2,0,0,0,7,2,2,5,1,0,0,0,3,1,1.666666667,0,1.5
20210407LGKT0,20210407,LG,KT,0,T,0,0,L,1,24,145,40,35,13,0,0,0,3,0,0,0,5,0,0,1,2,1,0,0,7,7,2.7,0,2.333333333
20210407LTNC0,20210407,LT,NC,0,T,0,0,L,0,24,150,41,33,9,2,0,3,0,0,0,0,6,0,2,8,0,0,0,1,10,10,6,0,2.625
20210407LTNC0,20210407,NC,LT,0,B,0,0,W,1,27,172,43,34,9,2,0,0,0,1,1,0,8,0,0,8,0,0,0,0,6,6,2.1,0,2.333333333
20210407SSOB0,20210407,SS,OB,0,T,0,0,L,0,24,137,33,30,7,0,0,0,0,0,0,0,3,0,0,5,1,1,0,0,1,1,0.333333333,0,1.333333333
20210407SSOB0,20210407,OB,SS,0,B,0,0,W,3,27,157,38,33,9,2,0,0,0,0,1,0,3,1,1,6,1,1,1,0,0,0,0.461538462,0,2.5
20210408HHSK0,20210408,HH,SK,0,T,0,0,L,0,24,138,37,31,8,1,0,2,1,0,0,1,4,1,1,7,0,1,0,0,6,5,1.285714286,0,2.142857143
20210408HHSK0,20210408,SK,HH,0,B,0,0,W,0,27,156,36,30,4,1,0,0,0,0,0,0,6,1,0,11,1,1,0,1,4,1,1.8,0,2.142857143
20210408HTWO0,20210408,WO,HT,0,B,0,0,L,1,27,155,39,31,7,1,0,0,1,0,0,1,6,0,1,7,1,1,0,0,5,5,3,0,1.333333333
20210408HTWO0,20210408,HT,WO,0,T,0,0,W,0,27,147,38,27,4,1,0,1,0,1,2,1,7,0,1,5,0,0,0,0,3,3,0.75,0,1.714285714
20210408LGKT0,20210408,KT,LG,0,B,0,0,L,0,27,151,41,36,10,2,0,1,2,0,1,0,3,0,1,3,1,1,0,0,7,6,1.5,0,0.692307692
20210408LGKT0,20210408,LG,KT,0,T,0,0,W,0,27,167,39,34,8,0,1,1,1,0,0,0,4,0,1,8,2,0,0,0,3,3,1,0,1.666666667
20210408LTNC0,20210408,NC,LT,0,B,0,0,L,0,27,203,48,38,13,2,0,0,0,1,0,0,9,0,1,5,1,0,0,0,8,7,3.333333333,0,1.25
20210408LTNC0,20210408,LT,NC,0,T,0,0,W,2,27,154,42,29,6,0,0,1,0,1,1,0,7,0,5,9,2,1,0,0,4,4,1.25,0,2.25
20210408SSOB0,20210408,SS,OB,0,T,0,0,W,0,27,151,36,32,5,0,0,0,0,0,0,0,4,0,0,5,0,0,0,0,1,1,1.5,0,2.142857143
20210408SSOB0,20210408,OB,SS,0,B,0,0,L,0,27,147,39,35,9,1,1,2,2,0,0,0,4,0,0,5,2,0,0,0,6,4,3,0,0.5
20210409KTSS0,20210409,SS,KT,0,B,0,0,W,0,27,177,42,38,11,1,1,0,0,0,0,0,4,0,0,7,1,1,0,0,5,0,1.5,0,3.857142857
20210409KTSS0,20210409,KT,SS,0,T,0,0,L,0,24,127,37,33,10,2,0,0,1,0,1,0,3,0,0,12,0,0,0,1,7,7,3.6,0,1.5
20210409NCHT0,20210409,HT,NC,0,B,0,0,L,0,27,175,47,39,14,3,1,1,1,0,1,0,5,0,2,5,1,0,0,0,10,10,3,0,6
20210409NCHT0,20210409,NC,HT,0,T,0,0,W,0,27,162,42,40,13,3,0,0,0,0,0,0,2,0,0,10,0,0,0,0,6,4,1.636363636,0,1.363636364
20210409OBHH0,20210409,HH,OB,0,B,0,0,W,0,27,135,33,33,7,3,0,0,1,0,0,0,0,0,0,8,0,1,0,0,0,0,0,0,2.142857143
20210409OBHH0,20210409,OB,HH,0,T,0,0,L,0,24,134,38,37,14,2,0,2,1,0,0,0,1,0,0,5,2,0,0,0,7,6,1.285714286,0,2.571428571
20210409SKLG0,20210409,LG,SK,0,B,0,0,W,2,27,165,42,30,5,0,0,1,0,0,0,2,6,0,4,4,1,0,0,0,5,5,0.25,0,1.333333333
20210409SKLG0,20210409,SK,LG,0,T,0,0,L,0,24,160,47,34,13,2,0,0,0,1,0,3,8,0,2,4,0,0,0,0,9,7,1.75,0,2
20210409WOLT0,20210409,WO,LT,0,T,0,0,W,0,27,132,36,32,6,0,0,0,0,0,0,0,4,0,0,9,2,0,0,0,2,2,1.5,0,1.5
20210409WOLT0,20210409,LT,WO,0,B,0,0,L,0,27,166,42,36,10,5,0,0,1,0,0,0,6,0,0,12,1,0,0,0,7,7,3,0,2
20210410KTSS0,20210410,KT,SS,0,T,0,0,L,1,24,152,36,31,9,2,0,2,1,1,0,0,5,0,0,7,1,2,0,0,7,7,2,0,2.142857143
20210410KTSS0,20210410,SS,KT,0,B,0,0,W,2,27,169,39,35,8,2,0,2,2,1,0,0,4,0,0,5,0,0,0,0,6,6,1.8,0,1.2
20210410NCHT0,20210410,HT,NC,0,B,0,0,L,0,27,149,43,38,12,3,0,2,0,0,0,0,3,0,2,8,1,0,0,0,9,9,3,0,1.666666667
20210410NCHT0,20210410,NC,HT,0,T,0,0,W,0,27,130,35,31,5,0,0,0,0,0,0,0,3,0,1,6,1,0,0,0,2,2,0.75,0,1.714285714
20210410OBHH0,20210410,OB,HH,0,T,0,0,W,0,27,132,34,31,5,0,0,0,0,1,0,0,1,0,2,9,0,0,1,0,1,1,0.75,0,1
20210410OBHH0,20210410,HH,OB,0,B,0,0,L,0,27,231,59,46,19,6,0,2,0,1,0,1,11,0,1,8,0,1,0,0,18,15,2.4375,0,4.875
20210410SKLG0,20210410,LG,SK,0,B,0,0,L,0,27,159,40,35,11,2,0,0,2,0,1,1,1,0,2,6,0,0,0,0,4,4,1,0,1.333333333
20210410SKLG0,20210410,SK,LG,0,T,0,0,W,0,27,158,40,33,9,2,0,2,2,0,0,0,6,1,1,9,1,0,0,0,3,3,1.285714286,0,0.75
20210410WOLT0,20210410,LT,WO,0,B,0,0,W,0,27,143,36,33,6,3,0,0,1,0,0,0,3,0,0,12,0,0,0,0,0,0,0.3,0,2.142857143
20210410WOLT0,20210410,WO,LT,0,T,0,0,L,0,24,171,44,39,17,6,0,2,0,0,0,0,5,0,0,7,1,0,1,0,13,13,2.727272727,0,8.25
20210411KTSS0,20210411,KT,SS,0,T,0,0,L,0,24,152,37,31,9,2,0,2,0,0,0,1,5,0,0,8,1,1,0,0,4,4,0.6,0,1.5
20210411KTSS0,20210411,SS,KT,0,B,0,0,W,4,27,167,39,32,7,0,0,1,0,1,0,1,6,0,0,7,0,0,0,0,2,2,0.666666667,0,0.5
20210411NCHT0,20210411,HT,NC,0,B,0,0,L,0,27,155,41,36,12,3,0,2,0,1,2,0,3,0,0,4,0,3,0,0,7,7,1.875,0,2
20210411NCHT0,20210411,NC,HT,0,T,0,0,W,2,27,158,37,36,10,1,2,0,1,0,0,0,1,0,0,7,1,0,0,1,3,3,0.3,0,0.6
20210411OBHH0,20210411,HH,OB,0,B,0,0,W,0,27,142,35,33,6,2,0,0,1,0,0,0,2,0,0,10,1,0,0,0,2,0,1,0,1.5
20210411OBHH0,20210411,OB,HH,0,T,0,0,L,0,24,149,39,32,10,2,0,0,0,0,1,0,6,1,0,9,0,0,0,1,3,3,0.8,0,2.25
20210411SKLG0,20210411,LG,SK,0,B,0,0,W,0,27,96,30,29,3,0,0,0,0,1,0,0,1,0,0,9,0,0,0,0,0,0,0,0,0.333333333
20210411SKLG0,20210411,SK,LG,0,T,0,0,L,0,24,130,29,26,3,1,0,0,2,0,1,0,2,0,0,8,0,0,0,0,1,1,1.2,0,0.857142857
20210411WOLT0,20210411,LT,WO,0,B,0,0,L,0,33,201,47,39,6,2,0,0,2,0,0,0,7,1,1,10,0,0,0,0,3,3,1.363636364,0,1.090909091
20210411WOLT0,20210411,WO,LT,0,T,0,0,W,0,33,215,52,40,11,1,0,0,0,1,2,0,9,1,1,11,1,0,0,0,2,2,1.2,0,1.636363636
20210413HHSS0,20210413,SS,HH,0,B,0,0,W,2,27,155,37,35,8,2,0,0,0,0,0,0,2,0,0,12,0,0,0,0,3,3,1.333333333,0,1
20210413HHSS0,20210413,HH,SS,0,T,0,0,L,0,24,152,37,26,5,0,0,0,0,0,0,1,9,0,1,6,1,1,0,0,4,4,1.363636364,0,1.5
20210413KTOB0,20210413,OB,KT,0,B,0,0,L,0,27,174,44,36,14,1,0,1,1,0,1,1,6,0,0,4,3,1,0,0,8,8,1.909090909,0,2.1
20210413KTOB0,20210413,KT,OB,0,T,0,0,W,1,27,158,40,38,12,0,1,0,0,0,0,0,2,0,0,9,1,1,0,0,7,7,2.571428571,0,3
20210413LGWO0,20210413,LG,WO,0,T,0,0,L,0,24,168,41,33,13,3,0,0,1,0,1,1,6,0,0,4,2,2,0,0,8,8,2,0,4.5
20210413LGWO0,20210413,WO,LG,0,B,0,0,W,0,27,144,35,32,6,0,0,1,1,0,0,0,2,0,1,2,1,0,0,0,2,2,0,0,1.5
20210413LTHT0,20210413,HT,LT,0,B,0,0,L,0,27,204,50,38,12,2,0,0,0,0,0,1,10,0,1,8,1,0,0,1,8,8,3,0,2.7
20210413LTHT0,20210413,LT,HT,0,T,0,0,W,0,27,135,32,30,2,0,0,0,0,0,0,0,2,0,0,10,0,1,0,0,0,0,0,0,0.272727273
20210413NCSK0,20210413,NC,SK,0,T,0,0,W,4,27,143,35,31,4,0,0,1,1,1,0,0,4,0,0,7,0,1,0,0,2,1,0,0,2.142857143
20210413NCSK0,20210413,SK,NC,0,B,0,0,L,0,27,163,40,36,7,0,0,2,2,0,0,0,3,0,1,11,0,0,0,0,4,4,0.75,0,1.333333333
20210414HHSS0,20210414,HH,SS,0,T,0,0,W,1,27,148,32,29,4,1,0,0,2,0,0,1,1,0,1,5,1,2,0,0,2,2,0,0,0.3
20210414HHSS0,20210414,SS,HH,0,B,0,0,L,0,27,141,40,37,11,2,0,0,2,0,0,0,2,0,1,9,1,1,0,0,6,6,1.125,0,3.428571429
20210414KTOB0,20210414,KT,OB,0,T,0,0,L,0,24,149,34,28,6,2,0,0,1,0,1,0,5,0,0,11,1,0,0,0,3,3,2.5,0,2.25
20210414KTOB0,20210414,OB,KT,0,B,0,0,W,2,27,153,34,32,7,2,0,0,1,1,0,0,2,0,0,7,1,0,0,0,1,1,0,0,1.333333333
20210414LGWO0,20210414,LG,WO,0,T,0,0,W,0,27,121,31,27,3,1,0,0,0,0,0,1,3,0,0,6,2,1,0,0,2,2,2,0,0
20210414LGWO0,20210414,WO,LG,0,B,0,0,L,0,27,205,49,42,14,3,0,4,0,0,0,0,6,0,1,8,0,1,0,0,13,10,4,0,1.8
20210414LTHT0,20210414,LT,HT,0,T,0,0,L,0,35,162,44,35,5,0,0,0,3,1,1,1,6,0,1,6,2,0,0,0,3,3,1.5,0,1.8
20210414LTHT0,20210414,HT,LT,0,B,0,0,W,0,36,207,51,44,10,1,0,0,0,0,2,0,5,0,0,5,1,0,0,0,2,2,0.857142857,0,1.153846154
20210414NCSK0,20210414,NC,SK,0,T,0,0,W,2,27,165,34,30,5,1,0,0,1,1,0,0,3,0,1,8,0,0,0,0,0,0,0,0,1
20210414NCSK0,20210414,SK,NC,0,B,0,0,L,0,27,113,32,29,2,2,0,0,0,0,0,0,1,0,2,8,0,0,0,0,3,3,3,0,0
20210415HHSS0,20210415,SS,HH,0,B,1,0,W,0,27,108,28,27,2,0,0,0,0,0,0,0,1,0,0,11,2,0,0,0,0,0,0,0,0.333333333
20210415HHSS0,20210415,HH,SS,0,T,0,0,L,0,24,144,35,28,4,0,0,1,3,0,0,0,7,0,0,3,0,0,0,0,4,4,3,0,1.714285714
20210415KTOB0,20210415,KT,OB,0,T,0,0,W,0,27,136,37,34,6,0,0,0,0,0,0,0,3,0,0,5,1,1,0,0,3,2,2,0,0.6
20210415KTOB0,20210415,OB,KT,0,B,0,0,L,0,27,198,47,38,17,2,1,0,0,2,3,0,6,2,0,7,1,0,0,0,8,6,2.727272727,0,1.636363636
20210415LGWO0,20210415,LG,WO,0,T,0,0,W,3,27,154,37,36,10,5,0,0,0,0,0,0,0,0,1,6,1,0,0,1,4,4,1.714285714,0,1.125
20210415LGWO0,20210415,WO,LG,0,B,0,0,L,0,27,152,37,35,8,2,0,2,1,0,0,0,2,0,0,10,0,0,0,0,6,6,1.8,0,1.5
20210415LTHT0,20210415,LT,HT,0,T,0,0,L,0,24,179,45,36,13,5,0,0,1,0,0,0,9,1,0,4,1,2,0,0,10,10,5.142857143,0,4.5
20210415LTHT0,20210415,HT,LT,0,B,0,0,W,2,27,202,43,35,9,2,0,0,3,0,0,1,7,0,0,11,0,0,0,0,5,5,1.384615385,0,4.5
20210415NCSK0,20210415,SK,NC,0,B,0,0,W,0,27,134,37,32,5,1,0,1,0,0,0,0,5,0,0,9,0,0,0,0,3,3,1.8,0,0.6
20210415NCSK0,20210415,NC,SK,0,T,0,0,L,0,24,136,37,36,13,3,0,2,1,0,0,1,0,0,0,6,1,0,0,0,9,8,1.8,0,4.2
20210416HHNC0,20210416,HH,NC,0,T,0,0,L,0,24,155,43,35,11,0,0,2,1,0,1,0,7,1,0,5,0,0,0,0,9,9,1.153846154,0,3.428571429
20210416HHNC0,20210416,NC,HH,0,B,0,0,W,0,27,144,36,33,7,2,0,0,0,1,0,0,3,0,0,10,0,0,0,0,1,1,0,0,0.272727273
20210416HTSK0,20210416,SK,HT,0,B,0,0,L,0,27,177,46,41,16,3,0,0,0,0,0,1,4,1,0,8,0,1,1,0,11,11,2.454545455,0,3.428571429
20210416HTSK0,20210416,HT,SK,0,T,0,0,W,4,27,188,47,37,11,2,0,1,0,0,0,0,9,0,1,8,1,1,0,0,6,6,1.071428571,0,1.090909091
20210416OBLG0,20210416,OB,LG,0,T,0,0,L,0,24,154,33,27,7,0,0,0,1,0,1,0,5,0,0,3,2,0,0,1,1,1,1,0,3
20210416OBLG0,20210416,LG,OB,0,B,0,0,W,3,27,139,39,32,6,1,0,0,0,0,0,0,5,0,2,5,2,1,0,0,0,0,1.125,0,0.9
20210416SSLT0,20210416,LT,SS,0,B,0,0,W,1,27,157,42,34,11,3,0,0,1,0,2,1,4,0,1,7,1,1,0,0,3,2,0.5625,0,1.25
20210416SSLT0,20210416,SS,LT,0,T,0,0,L,0,24,172,39,33,10,3,0,1,0,1,0,0,6,0,0,8,0,2,0,0,9,8,4.5,0,1.2
20210416WOKT0,20210416,KT,WO,0,B,0,0,W,1,27,165,38,36,10,2,0,1,1,0,0,0,2,0,0,7,1,1,0,0,4,4,1,0,2.142857143
20210416WOKT0,20210416,WO,KT,0,T,0,0,L,0,24,140,37,31,8,3,0,0,0,0,0,1,5,0,0,6,0,0,0,0,8,8,3.5,0,2.142857143
20210417HHNC0,20210417,HH,NC,0,T,0,0,L,0,24,216,49,37,14,2,2,4,2,0,0,1,9,0,2,12,0,2,0,0,14,13,3,0,2.1
20210417HHNC0,20210417,NC,HH,0,B,0,0,W,0,27,141,35,33,6,2,0,1,1,0,0,0,2,0,0,8,0,1,0,0,4,4,1,0,1.5
20210417HTSK0,20210417,HT,SK,0,T,0,0,L,0,29,176,44,40,12,3,0,2,1,0,1,0,2,0,1,8,0,0,0,0,4,4,0.6,0,1.090909091
20210417HTSK0,20210417,SK,HT,0,B,0,0,W,0,30,162,43,36,7,1,0,0,1,0,1,0,6,0,0,6,0,0,0,0,3,3,1.8,0,1.090909091
20210417OBLG0,20210417,LG,OB,0,B,0,0,L,0,27,175,38,35,10,0,1,0,1,1,0,0,3,0,0,11,1,1,0,0,3,3,0.9,0,4.2
20210417OBLG0,20210417,OB,LG,0,T,0,0,W,2,27,139,34,30,4,0,0,1,0,0,0,0,4,0,0,7,1,0,0,0,1,1,0,0,1
20210417SSLT0,20210417,SS,LT,0,T,0,0,W,0,27,152,34,30,4,1,0,0,0,0,0,0,4,0,0,8,2,0,0,0,0,0,0.375,0,0.6
20210417SSLT0,20210417,LT,SS,0,B,0,0,L,0,27,233,52,42,17,4,1,1,3,0,0,2,8,0,0,5,1,1,0,0,12,8,1.928571429,0,3.75
20210417WOKT0,20210417,WO,KT,0,T,0,0,L,0,24,184,42,32,10,4,0,0,0,1,0,0,8,0,2,11,1,2,0,0,8,8,2.625,0,1.8
20210417WOKT0,20210417,KT,WO,0,B,0,0,W,0,27,178,40,33,9,0,1,0,1,0,0,0,6,0,1,8,2,1,0,0,5,4,1.5,0,1.8
20210418HHNC0,20210418,HH,NC,0,T,0,0,W,0,27,176,39,32,5,0,0,2,0,1,0,0,5,0,2,8,0,0,0,1,3,3,1.5,0,1.125
20210418HHNC0,20210418,NC,HH,0,B,0,0,L,0,27,180,42,36,11,3,0,4,0,0,0,0,6,0,0,7,1,0,0,0,11,11,1.5,0,2.666666667
20210418HTSK0,20210418,SK,HT,0,B,0,0,W,3,27,172,41,30,4,1,0,0,0,0,0,1,9,1,1,6,0,1,0,0,2,2,1,0,1.2
20210418HTSK0,20210418,HT,SK,0,T,0,0,L,0,24,158,35,27,5,1,0,2,0,0,0,1,6,0,1,7,1,0,0,0,4,4,0.6,0,1.5
20210418OBLG0,20210418,LG,OB,0,B,0,0,L,0,27,179,47,41,16,1,0,0,1,0,1,0,5,0,0,12,1,2,0,0,9,8,2.571428571,0,3
20210418OBLG0,20210418,OB,LG,0,T,0,0,W,0,27,192,41,36,8,3,0,1,0,0,0,0,5,0,0,9,0,1,0,0,1,1,0.2,0,1.090909091
20210418SSLT0,20210418,SS,LT,0,T,0,0,W,0,27,127,33,31,4,3,0,0,0,0,0,0,1,0,1,11,0,0,0,0,0,0,0.6,0,0.6
20210418SSLT0,20210418,LT,SS,0,B,0,0,L,0,27,143,38,33,9,1,0,2,0,1,0,1,4,0,0,1,1,0,1,0,7,7,2.5,0,0.9
20210418WOKT0,20210418,WO,KT,0,T,0,0,L,0,24,189,46,39,14,2,0,0,1,0,0,1,5,0,1,3,1,1,0,0,10,6,2.625,0,1.666666667
20210418WOKT0,20210418,KT,WO,0,B,0,0,W,0,27,135,35,34,7,1,0,1,0,1,0,0,1,0,0,8,0,0,0,0,2,2,0,0,0.6
20210420HTLG0,20210420,HT,LG,0,T,0,0,W,2,27,162,38,29,9,0,0,1,0,0,0,1,7,0,1,3,4,0,0,0,3,2,0.923076923,0,1.666666667
20210420HTLG0,20210420,LG,HT,0,B,0,0,L,0,27,181,46,37,9,1,0,2,2,0,1,0,7,0,1,10,0,0,0,2,6,5,1.333333333,0,2.25
20210420KTNC0,20210420,NC,KT,0,B,0,0,L,0,27,189,44,35,10,3,0,0,2,0,0,0,8,0,1,8,1,1,0,0,5,5,1.8,0,2.25
20210420KTNC0,20210420,KT,NC,0,T,0,0,W,4,27,149,37,32,5,2,0,1,0,0,0,0,5,0,0,8,0,0,0,0,2,2,1.5,0,1
20210420OBLT0,20210420,LT,OB,0,B,0,0,W,0,27,155,41,38,11,1,0,3,0,0,0,0,2,0,1,9,0,0,0,0,5,5,1.125,0,0.75
20210420OBLT0,20210420,OB,LT,0,T,0,0,L,0,24,157,42,34,10,2,0,3,0,0,0,0,8,0,0,3,1,0,0,0,10,10,2.571428571,0,4.5
20210420SKSS0,20210420,SK,SS,0,T,0,0,W,0,27,163,43,40,12,3,0,3,2,0,0,0,3,0,0,8,0,0,0,0,7,6,1,0,1.5
20210420SKSS0,20210420,SS,SK,0,B,0,0,L,0,27,167,44,39,12,1,0,3,0,0,0,1,3,0,1,13,0,0,0,0,10,10,6,0,1.666666667
20210420WOHH0,20210420,WO,HH,0,T,0,0,L,0,24,116,35,31,8,2,0,0,1,0,1,0,3,0,0,6,2,0,0,1,7,5,3,0,0.6
20210420WOHH0,20210420,HH,WO,0,B,0,0,W,1,27,157,38,35,7,2,0,1,1,0,0,0,3,0,0,11,0,0,1,0,3,2,0,0,0.6
20210421HTLG0,20210421,HT,LG,0,T,0,0,L,0,24,165,35,29,4,1,0,2,0,0,0,0,6,0,0,7,0,1,0,1,7,6,4,0,1.714285714
20210421HTLG0,20210421,LG,HT,0,B,0,0,W,2,27,176,41,36,10,0,1,0,1,1,0,0,4,0,1,6,1,0,0,0,3,2,1.2,0,2.25
20210421KTNC0,20210421,KT,NC,0,T,0,0,L,0,24,124,35,30,9,2,0,0,1,1,1,1,3,0,0,4,1,0,0,0,4,4,1.25,0,2.142857143
20210421KTNC0,20210421,NC,KT,0,B,0,0,W,3,27,160,41,35,8,0,0,1,0,0,0,0,6,0,0,5,0,0,0,0,3,3,0.75,0,2
20210421OBLT0,20210421,LT,OB,0,B,0,0,W,1,27,167,41,38,12,1,0,4,0,0,0,0,3,0,0,10,0,2,0,0,9,9,1.5,0,2
20210421OBLT0,20210421,OB,LT,0,T,0,0,L,0,24,166,45,35,13,2,0,2,1,0,1,0,8,2,1,5,1,1,1,0,10,10,2.5,0,12
20210421SKSS0,20210421,SS,SK,0,B,0,0,W,0,27,160,43,37,11,1,0,0,0,0,0,0,6,0,0,6,0,2,0,0,4,4,0.692307692,0,1
20210421SKSS0,20210421,SK,SS,0,T,0,0,L,0,24,203,51,35,15,1,0,3,1,0,1,4,11,0,0,4,0,1,0,0,14,11,2.75,0,3.375
20210421WOHH0,20210421,HH,WO,0,B,0,0,W,2,27,182,42,31,7,0,1,0,0,0,1,1,8,0,1,10,0,0,0,0,3,3,2,0,2.25
20210421WOHH0,20210421,WO,HH,0,T,0,0,L,0,24,152,36,31,13,2,0,0,0,2,0,0,5,1,0,6,1,0,1,1,4,4,2.142857143,0,3
20210422HTLG0,20210422,HT,LG,0,T,0,0,W,0,30,162,44,35,7,0,1,1,3,1,0,1,8,0,0,6,0,0,0,0,2,2,1.714285714,0,0.692307692
20210422HTLG0,20210422,LG,HT,0,B,0,0,L,0,30,195,45,33,5,1,0,1,2,0,1,0,10,1,1,7,1,0,0,0,3,3,1.090909091,0,1.8
20210422KTNC0,20210422,NC,KT,0,B,0,0,L,0,27,158,44,39,13,1,0,1,0,0,1,1,3,0,0,8,0,1,1,0,11,7,3.6,0,1.090909091
20210422KTNC0,20210422,KT,NC,0,T,0,0,W,0,27,162,40,36,9,0,0,3,0,0,0,0,4,0,0,6,1,0,0,0,5,5,0,0,1.875
20210422OBLT0,20210422,LT,OB,0,B,0,0,L,0,27,167,49,43,18,2,0,0,0,0,0,2,4,0,0,2,2,0,0,0,13,9,2.7,0,2.666666667
20210422OBLT0,20210422,OB,LT,0,T,0,0,W,0,27,128,34,31,5,1,0,0,0,0,0,0,3,0,0,9,2,0,0,0,1,1,0.6,0,0.6
20210422SKSS0,20210422,SK,SS,0,T,0,0,W,1,27,178,42,37,11,3,0,0,0,1,1,0,4,1,0,8,0,1,0,0,6,4,1.384615385,0,2
20210422SKSS0,20210422,SS,SK,0,B,0,0,L,1,27,184,42,37,7,1,0,1,2,0,0,0,5,0,0,13,0,1,0,0,11,6,4,0,2.571428571
20210422WOHH0,20210422,WO,HH,0,T,0,0,W,0,27,155,39,34,7,0,0,1,0,0,0,0,5,0,0,2,1,0,0,0,3,3,0.3,0,1.5
20210422WOHH0,20210422,HH,WO,0,B,0,0,L,0,27,150,44,37,11,1,0,1,2,0,0,1,6,0,0,3,0,0,1,1,8,6,1.333333333,0,2.625
20210423LGHH0,20210423,HH,LG,0,B,0,0,L,0,27,163,41,34,9,1,0,1,1,0,0,0,6,0,1,6,2,0,0,0,2,2,0.818181818,0,2.625
20210423LGHH0,20210423,LG,HH,0,T,0,0,W,2,27,148,36,31,4,1,0,0,0,0,0,0,5,0,0,15,1,0,0,0,1,1,3,0,1
20210423LTKT0,20210423,LT,KT,0,T,0,0,W,0,27,176,45,39,12,3,1,0,2,0,0,0,5,0,1,7,0,1,0,0,5,5,1.071428571,0,4
20210423LTKT0,20210423,KT,LT,0,B,0,0,L,0,27,127,39,35,11,1,0,3,0,0,0,0,4,0,0,3,3,0,0,0,10,10,3,0,1.666666667
20210423NCOB0,20210423,OB,NC,0,B,0,0,W,1,27,131,36,32,5,0,0,1,0,0,0,0,2,0,2,5,0,0,0,0,1,1,0,0,1.125
20210423NCOB0,20210423,NC,OB,0,T,0,0,L,0,24,151,38,32,11,4,0,1,0,2,1,0,5,0,0,6,0,0,1,0,5,4,1.363636364,0,1.5
20210423SKWO0,20210423,SK,WO,0,T,0,0,W,0,27,144,40,37,10,3,0,0,2,0,0,0,2,0,1,5,0,0,0,0,5,5,1.875,0,0.545454545
20210423SKWO0,20210423,WO,SK,0,B,0,0,L,0,27,169,45,36,11,2,0,0,2,0,0,1,5,0,3,3,1,1,0,0,9,7,3,0,2.25
20210423SSHT0,20210423,SS,HT,0,T,0,0,L,0,24,126,34,31,9,1,0,0,0,1,1,1,1,0,0,5,1,2,0,0,4,2,1.2,0,1.125
20210423SSHT0,20210423,HT,SS,0,B,0,0,W,2,27,156,33,31,5,0,0,0,0,0,0,0,2,0,0,12,1,0,2,0,1,1,6,0,0.545454545
20210424LGHH0,20210424,HH,LG,0,B,0,0,W,0,27,190,44,36,10,2,0,0,0,0,0,0,7,0,1,5,1,0,0,1,5,5,2.333333333,0,1.5
20210424LGHH0,20210424,LG,HH,0,T,0,0,L,0,24,218,52,40,18,6,1,2,2,0,1,1,10,0,0,7,1,0,0,0,19,15,3.642857143,0,4.714285714
20210424LTKT0,20210424,LT,KT,0,T,0,0,W,2,27,142,35,34,7,1,0,1,1,0,0,0,1,0,0,4,0,2,0,0,2,2,1,0,1
20210424LTKT0,20210424,KT,LT,0,B,0,0,L,0,27,143,41,39,15,3,0,0,1,1,0,0,2,1,0,4,2,0,0,0,4,3,2.1,0,1.8
20210424NCOB0,20210424,OB,NC,0,B,0,0,W,1,27,149,43,39,12,2,0,0,0,0,0,0,4,0,0,11,0,0,0,0,6,5,2.142857143,0,1.090909091
20210424NCOB0,20210424,NC,OB,0,T,0,0,L,0,24,160,43,38,14,0,0,2,0,0,0,1,4,0,0,2,0,0,0,0,9,7,1.090909091,0,2.625
20210424SKWO0,20210424,SK,WO,0,T,0,0,W,0,30,168,42,38,10,2,0,1,1,1,0,0,4,0,0,10,1,1,0,0,4,4,2.142857143,0,1.636363636
20210424SKWO0,20210424,WO,SK,0,B,0,0,L,0,30,158,41,38,11,0,0,2,2,2,0,0,2,0,1,5,1,0,0,0,5,5,0.6,0,2.25
20210424SSHT0,20210424,HT,SS,0,B,0,0,L,0,27,182,45,38,13,1,1,2,2,1,0,1,5,0,1,2,0,2,0,0,8,8,2.1,0,3.428571429
20210424SSHT0,20210424,SS,HT,0,T,0,0,W,0,27,143,39,32,9,2,1,0,0,0,1,1,4,0,1,8,2,0,0,0,4,4,1.2,0,0.461538462
20210425LGHH0,20210425,LG,HH,0,T,0,0,W,0,27,112,28,26,1,0,0,0,0,0,0,0,2,0,0,12,2,0,0,0,0,0,0,0,0.857142857
20210425LGHH0,20210425,HH,LG,0,B,0,0,L,0,27,145,39,34,9,2,0,1,1,0,0,1,4,0,0,8,0,0,0,0,8,8,1.875,0,1.666666667
20210425LTKT0,20210425,KT,LT,0,B,0,0,W,0,27,175,42,36,8,0,0,1,0,0,0,0,6,0,0,8,1,2,0,1,5,3,1,0,1.2
20210425LTKT0,20210425,LT,KT,0,T,0,0,L,1,26,172,46,33,10,1,0,1,3,2,0,1,12,1,0,8,0,1,0,1,6,6,2.1,0,1.090909091
20210425NCOB0,20210425,NC,OB,0,T,0,0,W,0,27,140,36,33,5,0,0,0,0,0,0,0,2,0,1,4,0,0,0,0,0,0,0,0,0.666666667
20210425NCOB0,20210425,OB,NC,0,B,0,0,L,0,27,173,47,41,15,5,0,1,0,0,0,1,3,0,2,0,0,1,0,0,10,10,2,0,5.4
20210425SKWO0,20210425,WO,SK,0,B,0,0,W,0,27,154,38,34,6,1,0,1,0,0,0,0,4,0,0,9,0,0,0,0,3,3,0.857142857,0,1.5
20210425SKWO0,20210425,SK,WO,0,T,0,0,L,1,24,141,36,32,9,1,1,0,0,0,0,0,4,0,0,5,1,0,0,0,4,4,1.5,0,2.571428571
20210425SSHT0,20210425,HT,SS,0,B,0,0,L,0,27,147,41,34,9,2,0,0,1,0,1,0,6,1,0,6,1,1,0,1,3,2,1.5,0,3.428571429
20210425SSHT0,20210425,SS,HT,0,T,0,0,W,0,27,150,39,35,10,0,0,0,0,0,0,0,4,0,0,7,1,1,0,0,2,2,1.125,0,0.818181818
20210427HHHT0,20210427,HT,HH,0,B,0,0,W,2,27,166,38,32,6,0,0,0,2,0,0,0,5,0,1,6,1,0,0,0,3,3,3,0,1.5
20210427HHHT0,20210427,HH,HT,0,T,0,0,L,0,24,141,34,32,6,2,0,0,0,0,0,0,2,0,0,7,0,0,0,1,4,3,1.285714286,0,1.5
20210427KTSK0,20210427,SK,KT,0,B,0,0,L,0,27,229,54,42,18,2,1,1,2,0,1,0,10,0,1,8,1,0,0,0,14,14,3.25,0,5.142857143
20210427KTSK0,20210427,KT,SK,0,T,0,0,W,0,27,128,37,36,8,1,0,1,0,0,0,0,1,0,0,10,0,0,0,0,5,4,3,0,2.5
20210427LTLG0,20210427,LT,LG,0,T,0,0,L,0,24,139,34,30,8,2,1,2,0,1,0,1,3,0,0,5,0,1,0,0,4,4,1.285714286,0,0.9
20210427LTLG0,20210427,LG,LT,0,B,0,0,W,1,27,160,37,31,4,2,0,0,2,0,0,0,6,0,0,10,0,0,0,0,0,0,1.333333333,0,1
20210427NCSS0,20210427,NC,SS,0,T,0,0,L,0,24,136,38,36,14,1,0,3,0,0,0,0,2,0,0,5,2,0,0,0,9,9,1.2,0,4.8
20210427NCSS0,20210427,SS,NC,0,B,0,0,W,0,27,145,36,34,6,1,0,0,0,0,0,0,2,0,0,8,0,1,0,0,0,0,0,0,0.666666667
20210427OBWO0,20210427,OB,WO,0,T,0,0,L,0,24,115,35,29,10,2,1,0,0,1,1,1,3,0,1,3,2,0,0,0,5,5,1.714285714,0,1.333333333
20210427OBWO0,20210427,WO,OB,0,B,0,0,W,3,27,168,46,37,12,2,0,0,0,0,1,0,6,1,2,4,1,1,0,1,4,4,1.5,0,1.363636364
20210428HHHT0,20210428,HH,HT,0,T,0,0,L,0,24,123,33,27,5,2,0,0,1,0,0,1,5,0,0,2,0,1,0,0,4,3,0.545454545,0,0.6
20210428HHHT0,20210428,HT,HH,0,B,0,0,W,0,27,127,30,29,3,1,0,0,0,0,0,0,1,0,0,16,1,0,0,0,0,0,0,0,0.666666667
20210428KTSK0,20210428,SK,KT,0,B,0,0,W,1,27,142,36,32,6,0,0,1,1,0,0,0,4,1,0,13,1,0,0,0,2,2,1.5,0,1.333333333
20210428KTSK0,20210428,KT,SK,0,T,0,0,L,1,24,150,38,30,7,2,0,0,0,0,1,0,7,0,0,3,0,0,0,0,4,4,1.666666667,0,4.2
20210428LTLG0,20210428,LT,LG,0,T,0,0,W,2,27,139,31,29,2,1,0,0,0,1,0,0,2,0,0,14,0,0,0,0,0,0,1,0,0.3
20210428LTLG0,20210428,LG,LT,0,B,0,0,L,0,27,160,36,34,7,2,0,1,1,0,0,0,2,0,0,6,0,0,0,0,3,3,0.75,0,0.272727273
20210428NCSS0,20210428,SS,NC,0,B,0,0,W,0,27,169,40,34,7,1,0,2,1,0,0,0,3,0,3,14,0,0,0,0,3,3,0.428571429,0,1
20210428NCSS0,20210428,NC,SS,0,T,0,0,L,0,24,140,39,35,11,1,0,0,0,1,0,0,4,0,0,8,0,0,0,0,4,4,1.666666667,0,1.2
20210428OBWO0,20210428,WO,OB,0,B,0,0,W,0,33,206,49,42,11,2,0,1,1,0,0,0,7,1,0,9,2,1,0,0,4,4,0.923076923,0,2.4
20210428OBWO0,20210428,OB,WO,0,T,0,0,L,1,31,201,51,43,13,2,0,0,0,0,0,1,6,2,1,7,0,2,1,2,5,5,2.181818182,0,2.666666667
20210429HHHT0,20210429,HT,HH,0,B,0,0,W,0,33,183,44,34,3,0,0,0,2,1,0,1,8,0,1,9,1,0,0,0,2,1,0.666666667,0,0.818181818
20210429HHHT0,20210429,HH,HT,0,T,0,0,L,0,31,187,45,34,5,1,0,0,0,1,2,0,8,1,1,10,0,2,0,0,3,2,3,0,0.818181818
20210429KTSK0,20210429,SK,KT,0,B,0,0,L,0,27,162,40,30,8,1,0,0,2,1,1,0,7,1,2,10,2,0,2,0,6,6,2.25,0,1.090909091
20210429KTSK0,20210429,KT,SK,0,T,0,0,W,3,27,130,36,32,5,0,0,0,1,0,0,0,4,0,0,8,0,0,0,0,1,1,1.5,0,3
20210429LTLG0,20210429,LT,LG,0,T,0,0,L,1,24,118,31,27,6,3,0,0,0,1,1,0,3,0,0,3,1,0,0,0,3,3,1.5,0,1.125
20210429LTLG0,20210429,LG,LT,0,B,0,0,W,0,27,134,38,35,9,1,0,0,2,1,0,0,3,0,0,8,1,1,0,0,2,1,1,0,1
20210429NCSS0,20210429,NC,SS,0,T,0,0,W,0,27,123,30,29,3,0,0,0,0,0,0,0,1,0,0,10,1,0,0,0,0,0,0,0,0.75
20210429NCSS0,20210429,SS,NC,0,B,0,0,L,0,27,178,47,42,19,1,1,2,0,1,0,0,5,0,0,6,2,0,0,0,9,9,1.928571429,0,4.5
20210429OBWO0,20210429,OB,WO,0,T,0,0,W,0,27,128,34,33,7,2,0,2,0,0,0,0,1,0,0,8,1,0,0,0,4,4,2,0,1.333333333
20210429OBWO0,20210429,WO,OB,0,B,0,0,L,0,27,196,51,36,13,0,0,1,0,0,0,1,12,0,2,7,3,0,0,0,15,15,4.5,0,3.333333333
20210430HHLT0,20210430,HH,LT,0,T,0,0,W,1,27,180,44,38,12,4,1,0,0,0,0,0,4,0,2,9,1,2,0,0,7,7,3,0,1.666666667
20210430HHLT0,20210430,LT,HH,0,B,0,0,L,0,27,185,51,41,15,3,2,0,3,0,1,0,7,1,2,10,0,1,0,0,11,11,3,0,5.5
20210430HTKT0,20210430,KT,HT,0,B,0,0,W,0,27,122,36,33,8,1,0,1,0,0,0,0,2,0,1,10,1,0,0,0,3,3,1,0,1
20210430HTKT0,20210430,HT,KT,0,T,0,0,L,0,24,195,45,36,16,3,0,2,1,1,1,0,8,0,0,7,2,0,0,0,15,12,2.5,0,3.75
20210430LGSS0,20210430,LG,SS,0,T,0,0,L,0,24,169,39,31,7,1,0,2,1,0,0,0,6,1,2,8,0,0,0,0,4,4,1.666666667,0,1.875
20210430LGSS0,20210430,SS,LG,0,B,0,0,W,1,27,131,34,33,6,3,0,0,0,0,0,0,1,0,0,6,0,0,0,0,0,0,0,0,1.5
20210430SKOB0,20210430,SK,OB,0,T,0,0,L,0,24,157,44,38,13,2,1,2,0,0,0,0,5,0,1,7,0,1,1,1,9,9,2.1,0,1.2
20210430SKOB0,20210430,OB,SK,0,B,0,0,W,0,27,149,38,34,8,1,0,0,0,2,0,0,4,0,0,11,0,0,0,0,4,3,3,0,3
20210430WONC0,20210430,WO,NC,0,T,0,0,W,3,27,154,35,33,9,0,0,1,1,0,0,0,2,0,0,7,0,0,0,0,3,3,3,0,1.333333333
20210430WONC0,20210430,NC,WO,0,B,0,0,L,0,27,163,38,32,7,1,0,0,2,1,0,1,5,0,0,10,1,0,0,0,4,4,1.875,0,0.9
20210501HHLT0,20210501,LT,HH,0,B,0,0,L,0,27,184,49,39,14,2,0,1,1,0,1,1,8,1,0,7,0,0,0,0,11,10,2.142857143,0,1.75
20210501HHLT0,20210501,HH,LT,0,T,0,0,W,0,27,127,32,29,5,3,0,0,0,1,0,1,2,0,0,5,1,0,0,0,3,3,0.75,0,0.272727273
20210501HTKT0,20210501,KT,HT,0,B,0,0,W,1,27,129,34,29,5,1,0,0,0,1,1,0,4,0,0,7,1,0,0,0,0,0,0.5,0,1.875
20210501HTKT0,20210501,HT,KT,0,T,0,0,L,0,24,143,37,32,8,0,0,0,0,0,1,0,4,0,0,12,0,0,0,0,3,3,1.8,0,2.142857143
20210501LGSS0,20210501,LG,SS,0,T,0,0,L,0,24,145,35,30,9,0,0,3,2,0,0,0,4,0,1,7,2,0,0,0,8,8,1.5,0,2.571428571
20210501LGSS0,20210501,SS,LG,0,B,0,0,W,0,27,156,42,36,10,1,0,0,1,0,0,0,6,0,0,7,2,0,0,0,2,2,1.5,0,2.25
20210501SKOB0,20210501,SK,OB,0,T,0,0,W,0,36,215,45,41,7,1,0,0,0,0,0,0,3,0,1,9,2,0,0,0,2,2,1,0,0.4
20210501SKOB0,20210501,OB,SK,0,B,0,0,L,3,36,225,55,45,10,2,0,3,0,1,1,0,7,0,2,15,0,1,0,0,5,2,1.2,0,0.857142857
20210501WONC0,20210501,NC,WO,0,B,0,0,L,0,27,220,52,38,12,1,1,1,3,0,0,2,12,0,0,11,0,2,0,0,13,8,4,0,2.1
20210501WONC0,20210501,WO,NC,0,T,0,0,W,0,27,171,45,39,11,1,0,5,0,0,0,1,5,0,0,3,0,0,0,0,9,8,1.5,0,1.2
20210502HHLT0,20210502,LT,HH,0,B,0,0,L,0,27,185,40,34,10,1,0,0,0,2,1,0,5,0,0,13,0,0,0,0,5,5,2.142857143,0,0.818181818
20210502HHLT0,20210502,HH,LT,0,T,0,0,W,2,27,154,37,32,6,1,0,2,1,1,0,0,5,0,0,11,0,0,0,0,4,4,1.5,0,1
20210502HTKT0,20210502,HT,KT,0,T,0,0,L,0,24,166,43,34,13,4,0,0,0,0,1,1,6,0,1,3,0,1,0,0,9,9,3,0,2.333333333
20210502HTKT0,20210502,KT,HT,0,B,0,0,W,0,27,142,40,36,9,1,1,0,0,0,0,0,3,0,1,6,0,0,0,0,2,2,1.5,0,1.666666667
20210502LGSS0,20210502,SS,LG,0,B,0,0,W,0,27,132,38,36,10,2,0,1,0,0,0,0,2,0,0,5,1,0,0,0,4,4,1.5,0,1
20210502LGSS0,20210502,LG,SS,0,T,0,0,L,0,24,136,35,30,7,1,0,1,1,0,1,1,2,0,1,6,0,1,0,0,6,6,1,0,1.5
20210502SKOB0,20210502,SK,OB,0,T,0,0,L,0,24,133,35,29,9,0,0,3,0,1,0,0,6,0,0,6,2,1,0,0,8,8,4.5,0,1.875
20210502SKOB0,20210502,OB,SK,0,B,0,0,W,1,27,184,46,41,15,0,0,0,1,0,1,1,3,0,0,3,1,0,0,0,5,2,0.923076923,0,1.5
20210502WONC0,20210502,NC,WO,0,B,0,0,W,1,27,144,38,32,6,1,0,0,0,0,0,0,6,0,0,7,1,0,0,0,0,0,0.75,0,1.333333333
20210502WONC0,20210502,WO,NC,0,T,0,0,L,0,24,122,37,34,10,0,0,4,1,0,0,0,3,0,0,5,2,0,0,0,5,4,0.5,0,2.571428571
20210505HTLT0,20210505,HT,LT,0,T,0,0,W,1,27,142,40,38,12,1,0,1,2,0,0,0,2,0,0,8,1,0,0,0,5,5,0.818181818,0,2
20210505HTLT0,20210505,LT,HT,0,B,0,0,L,0,27,169,42,40,15,1,1,0,0,1,0,0,2,0,0,5,1,0,0,0,8,8,5,0,3
20210505KTWO0,20210505,WO,KT,0,B,0,0,W,0,27,129,32,31,4,1,0,0,0,0,0,0,1,0,0,15,0,0,0,0,0,0,0,0,0.6
20210505KTWO0,20210505,KT,WO,0,T,0,0,L,0,24,176,46,41,18,2,2,3,0,0,0,1,4,0,0,7,0,1,0,0,14,14,2.625,0,3.428571429
20210505LGOB0,20210505,LG,OB,0,T,0,0,W,3,27,147,41,34,9,2,0,0,0,0,0,1,6,0,0,8,1,0,0,0,4,4,1.8,0,1.5
20210505LGOB0,20210505,OB,LG,0,B,0,0,L,0,27,153,44,38,14,4,0,1,1,0,1,1,4,0,0,4,1,1,0,0,7,7,1.875,0,2.625
20210505SKNC0,20210505,SK,NC,0,T,0,0,W,0,27,187,48,40,13,3,0,4,0,0,1,0,6,0,1,11,1,0,0,0,12,12,1.8,0,2.333333333
20210505SKNC0,20210505,NC,SK,0,B,0,0,L,0,27,206,51,40,14,5,0,3,0,0,1,0,9,1,1,9,2,2,0,0,13,11,2.076923077,0,13
20210505SSHH0,20210505,SS,HH,0,T,0,0,W,1,27,158,36,29,4,1,0,0,0,0,2,0,5,0,0,13,0,1,0,0,1,1,1.285714286,0,0.6
20210505SSHH0,20210505,HH,SS,0,B,0,0,L,0,27,159,39,35,9,3,0,0,0,1,0,0,4,0,0,9,0,0,0,0,4,4,2.25,0,0.5
20210506HTLT0,20210506,HT,LT,0,T,0,0,L,0,24,194,48,40,16,3,0,2,3,0,0,1,7,0,0,7,0,1,1,0,17,14,4.875,0,5
20210506HTLT0,20210506,LT,HT,0,B,0,0,W,0,27,185,46,38,11,2,1,2,1,0,0,0,6,0,2,7,2,0,0,0,9,8,2.666666667,0,2.625
20210506KTWO0,20210506,WO,KT,0,B,0,0,W,2,27,142,39,34,8,2,0,0,0,0,1,0,4,0,0,5,0,1,0,0,4,4,1.090909091,0,0.9
20210506KTWO0,20210506,KT,WO,0,T,0,0,L,0,24,138,37,31,8,2,0,0,1,0,0,1,3,0,2,4,2,0,0,0,6,4,1.5,0,1.714285714
20210506LGOB0,20210506,LG,OB,0,T,0,0,W,0,27,121,36,32,7,1,0,1,0,0,0,0,3,0,1,9,2,1,0,0,2,2,0.375,0,1
20210506LGOB0,20210506,OB,LG,0,B,0,0,L,0,27,202,44,32,8,3,0,1,0,0,1,1,9,0,1,7,1,1,0,0,7,7,2.454545455,0,1.666666667
20210506SKNC0,20210506,NC,SK,0,B,0,0,W,1,27,146,38,33,7,1,0,1,1,0,0,0,5,0,0,7,2,0,0,0,1,1,0.3,0,0.25
20210506SKNC0,20210506,SK,NC,0,T,0,0,L,0,24,164,42,35,10,1,0,1,2,1,0,0,5,0,2,7,1,0,0,0,7,6,2.142857143,0,3
20210506SSHH0,20210506,HH,SS,0,B,0,0,W,0,30,173,45,38,10,3,1,1,0,0,0,1,6,1,0,4,0,0,0,0,5,5,1.5,0,3.428571429
20210506SSHH0,20210506,SS,HH,0,T,0,0,L,0,29,169,44,38,10,3,0,0,0,0,1,0,5,0,0,9,0,2,0,0,6,6,3.5,0,1.090909091
20210507LTSS0,20210507,LT,SS,0,T,0,0,L,0,24,118,35,30,8,2,0,1,0,0,1,0,4,1,0,5,1,2,0,0,4,4,1.666666667,0,0.9
20210507LTSS0,20210507,SS,LT,0,B,0,0,W,1,27,116,32,32,6,1,0,0,0,0,0,0,0,0,0,3,0,2,0,0,1,1,1.5,0,0.6
20210508HHLG0,20210508,LG,HH,0,B,0,0,W,0,27,124,36,36,9,2,0,0,0,2,0,0,0,0,0,6,0,0,0,1,2,1,0,0,1.5
20210508HHLG0,20210508,HH,LG,0,T,0,0,L,0,24,169,42,36,11,3,0,2,2,0,0,0,6,0,0,4,0,0,0,0,11,8,4,0,5.4
20210508LTSS0,20210508,LT,SS,0,T,0,0,W,0,27,176,44,40,15,4,1,2,0,1,1,0,3,0,0,4,1,0,0,0,8,5,2.1,0,2
20210508LTSS0,20210508,SS,LT,0,B,0,0,L,3,27,196,47,41,16,3,0,1,3,0,0,1,5,0,0,10,2,1,0,0,9,6,1.5,0,3.428571429
20210508NCKT0,20210508,KT,NC,0,B,0,0,L,0,27,175,42,33,9,2,0,1,1,1,2,0,7,0,0,6,1,2,0,0,5,2,1.5,0,2
20210508NCKT0,20210508,NC,KT,0,T,0,0,W,0,27,172,41,32,8,3,0,1,1,2,0,0,9,0,0,8,1,0,0,0,4,4,1.666666667,0,1.636363636
20210508OBHT0,20210508,HT,OB,0,B,0,0,L,0,27,177,50,45,20,2,0,2,1,1,0,0,5,0,0,5,2,0,0,0,11,11,3,0,2.4
20210508OBHT0,20210508,OB,HT,0,T,0,0,W,1,27,137,39,33,7,1,0,2,0,0,1,0,3,0,2,6,0,0,0,0,5,5,1,0,1.875
20210508WOSK0,20210508,WO,SK,0,T,0,0,W,0,27,134,36,34,8,1,0,1,0,0,0,0,2,0,0,6,2,0,0,0,2,2,0.6,0,2.142857143
20210508WOSK0,20210508,SK,WO,0,B,0,0,L,0,27,180,43,39,14,4,0,2,1,1,0,0,4,0,0,9,1,0,0,0,9,9,2.571428571,0,2.333333333
20210509HHLG1,20210509,HH,LG,1,T,0,0,L,0,24,179,43,36,13,3,0,3,0,0,0,0,4,0,3,3,2,0,0,0,11,11,0.6,0,4
20210509HHLG1,20210509,LG,HH,1,B,0,0,W,0,27,135,34,29,5,1,0,0,0,0,1,0,4,0,0,10,2,0,0,0,1,1,1,0,0.9
20210509HHLG2,20210509,LG,HH,2,B,0,0,L,0,27,161,41,34,9,4,0,0,1,1,0,1,4,0,2,8,0,0,0,0,5,5,1.090909091,0,0.5
20210509HHLG2,20210509,HH,LG,2,T,0,0,W,2,27,186,43,37,11,2,0,0,1,0,0,0,5,0,1,4,1,0,0,0,4,4,1.909090909,0,1.5
20210509LTSS0,20210509,LT,SS,0,T,0,0,L,0,24,161,37,33,11,4,0,1,2,0,0,0,4,0,0,5,2,1,0,0,8,4,2.25,0,3
20210509LTSS0,20210509,SS,LT,0,B,0,0,W,0,27,176,43,35,10,0,0,3,3,0,1,1,6,0,0,8,0,0,0,0,6,6,1.5,0,1.090909091
20210509NCKT1,20210509,NC,KT,1,T,0,0,W,1,27,168,42,37,13,2,0,3,0,0,0,0,4,0,1,6,4,0,0,0,11,9,3,0,1.8
20210509NCKT1,20210509,KT,NC,1,B,0,0,L,0,27,202,56,45,20,2,0,2,3,0,1,2,7,0,1,6,0,2,0,0,16,15,3.25,0,2.1
20210509NCKT2,20210509,KT,NC,2,B,0,0,W,0,27,124,39,38,10,2,0,0,0,0,0,0,1,0,0,6,1,0,0,0,5,2,1.714285714,0,0.9
20210509NCKT2,20210509,NC,KT,2,T,0,0,L,0,24,170,43,31,10,4,0,1,1,0,1,1,10,0,0,8,0,2,0,0,9,9,2.25,0,1.363636364
20210509OBHT1,20210509,OB,HT,1,T,0,0,W,0,27,146,40,32,7,1,0,0,0,0,1,0,7,0,0,6,1,0,0,0,3,3,1.714285714,0,1.666666667
20210509OBHT1,20210509,HT,OB,1,B,0,0,L,0,27,154,44,36,10,2,0,0,0,0,2,0,4,0,2,3,0,0,0,2,5,5,1.909090909,0,1.5
20210509OBHT2,20210509,OB,HT,2,T,0,0,W,0,27,152,38,32,7,1,0,0,0,0,1,0,4,0,1,4,1,0,0,0,0,0,1.125,0,1.714285714
20210509OBHT2,20210509,HT,OB,2,B,0,0,L,0,27,186,44,34,12,4,0,1,1,2,0,1,7,0,2,5,0,0,0,0,9,9,2.7,0,3.857142857
20210509WOSK1,20210509,WO,SK,1,T,0,0,L,0,24,117,33,30,8,3,0,2,0,0,2,0,1,0,0,9,0,0,0,0,4,4,0.857142857,0,1
20210509WOSK1,20210509,SK,WO,1,B,0,0,W,2,27,149,35,29,3,2,0,0,0,0,0,0,6,0,0,8,2,0,0,0,1,1,0.857142857,0,0.545454545
20210509WOSK2,20210509,WO,SK,2,T,0,0,L,0,24,167,40,32,8,1,0,1,3,0,1,0,6,0,1,10,0,1,0,0,4,4,1.25,0,3.5
20210509WOSK2,20210509,SK,WO,2,B,0,0,W,1,27,179,41,32,7,1,1,0,0,1,0,0,5,0,4,7,1,0,0,0,3,3,0.818181818,0,1.090909091
20210511LGHT0,20210511,LG,HT,0,T,0,0,L,0,24,135,36,34,14,3,0,1,1,0,0,0,2,0,0,2,3,1,0,0,7,7,3.428571429,0,1.5
20210511LGHT0,20210511,HT,LG,0,B,0,0,W,1,27,190,39,31,6,0,0,0,0,1,0,0,7,0,1,9,2,0,0,0,1,1,1,0,1.666666667
20210511NCHH0,20210511,NC,HH,0,T,0,0,W,0,27,125,36,32,7,0,0,0,0,0,0,1,3,0,0,7,0,1,0,0,2,2,1.5,0,2.142857143
20210511NCHH0,20210511,HH,NC,0,B,0,0,L,0,27,192,46,33,9,3,0,2,0,0,2,1,9,0,1,11,0,1,0,1,7,5,1.153846154,0,4
20210511SKLT0,20210511,LT,SK,0,B,0,0,L,1,27,158,39,34,9,1,0,4,0,0,1,0,4,0,0,9,1,0,0,0,7,7,1.8,0,1.333333333
20210511SKLT0,20210511,SK,LT,0,T,0,0,W,1,27,180,45,34,9,2,0,1,1,1,0,1,10,0,0,6,0,0,0,0,6,6,2.454545455,0,4.5
20210511SSKT0,20210511,KT,SS,0,B,0,0,W,2,27,185,41,36,7,0,0,1,0,0,0,0,4,0,1,9,0,0,0,0,6,2,1.875,0,3.5
20210511SSKT0,20210511,SS,KT,0,T,0,0,L,1,24,164,40,36,13,3,0,1,1,0,0,1,3,0,0,10,0,1,0,0,9,9,3,0,1.666666667
20210511WOOB0,20210511,WO,OB,0,T,0,0,L,0,24,117,33,27,6,0,0,1,0,0,1,0,4,1,1,3,1,1,0,0,3,3,3,0,0.6
20210511WOOB0,20210511,OB,WO,0,B,0,0,W,3,27,178,42,33,7,1,0,0,2,0,1,0,7,0,1,4,0,1,0,0,2,2,0.692307692,0,2
20210512LGHT0,20210512,LG,HT,0,T,0,0,L,0,24,150,37,30,9,1,0,0,1,2,1,0,6,0,0,8,1,0,0,0,5,5,2,0,2.142857143
20210512LGHT0,20210512,HT,LG,0,B,0,0,W,2,27,181,41,33,7,0,0,0,1,0,1,0,7,0,0,9,0,1,0,0,3,3,3.5,0,0.75
20210512NCHH0,20210512,NC,HH,0,T,0,0,W,1,27,161,39,31,5,1,0,1,0,0,1,0,5,0,2,8,1,0,0,1,3,3,1.5,0,3
20210512NCHH0,20210512,HH,NC,0,B,0,0,L,0,27,140,40,33,7,2,0,1,1,0,0,1,4,0,2,5,0,0,0,0,6,6,2.4,0,4.8
20210512SKLT0,20210512,SK,LT,0,T,0,0,W,0,27,148,37,31,7,2,0,0,0,1,0,1,5,0,0,9,2,0,0,1,2,1,0.857142857,0,1
20210512SKLT0,20210512,LT,SK,0,B,0,0,L,0,27,202,47,38,12,3,0,3,5,1,0,0,8,1,1,12,0,0,0,0,9,9,2.666666667,0,4.5
20210512SSKT0,20210512,SS,KT,0,T,0,0,W,3,27,160,39,37,10,2,0,4,0,0,0,0,1,0,1,10,1,0,0,0,5,2,0,0,1.666666667
20210512SSKT0,20210512,KT,SS,0,B,0,0,L,0,27,130,38,31,9,1,0,1,4,1,1,3,1,0,2,6,0,0,0,0,7,7,1.5,0,1
20210512WOOB0,20210512,WO,OB,0,T,0,0,W,1,27,119,32,29,5,1,0,0,0,0,1,0,2,0,0,7,2,0,0,0,0,0,0,0,0.818181818
20210512WOOB0,20210512,OB,WO,0,B,0,0,L,0,27,145,36,31,5,0,0,1,0,0,0,0,5,1,0,12,1,1,0,0,3,1,3,0,0.272727273
20210513LGHT0,20210513,LG,HT,0,T,0,0,W,2,27,165,38,30,6,0,0,1,2,0,0,0,6,0,2,6,3,1,0,0,3,2,1.5,0,0.9
20210513LGHT0,20210513,HT,LG,0,B,0,0,L,0,27,167,43,37,11,2,0,2,3,0,0,1,4,0,1,4,2,1,0,0,8,7,1.714285714,0,2.25
20210513NCHH0,20210513,HH,NC,0,B,0,0,L,0,27,147,39,33,5,0,0,1,3,0,1,0,4,0,1,6,1,0,0,0,4,3,1.285714286,0,0.545454545
20210513NCHH0,20210513,NC,HH,0,T,0,0,W,3,27,164,42,35,10,2,0,1,1,0,1,0,4,0,2,9,1,0,0,0,2,2,0.272727273,0,2.25
20210513SKLT0,20210513,LT,SK,0,B,0,0,W,0,27,156,39,31,6,1,0,2,1,1,1,0,5,0,2,8,1,1,0,0,4,4,1.5,0,1.2
20210513SKLT0,20210513,SK,LT,0,T,0,0,L,0,24,153,38,35,10,2,0,1,0,0,0,0,3,1,0,12,1,1,0,0,5,5,1.875,0,2.571428571
20210513SSKT0,20210513,KT,SS,0,B,0,0,L,0,27,171,42,34,8,1,0,0,3,0,1,2,5,0,0,8,1,0,0,0,4,3,1.071428571,0,2
20210513SSKT0,20210513,SS,KT,0,T,0,0,W,1,27,133,38,33,7,1,0,0,0,0,0,0,4,0,1,8,1,0,0,0,0,0,1.125,0,0.6
20210513WOOB0,20210513,WO,OB,0,T,0,0,W,1,27,203,51,40,17,4,0,1,0,1,0,2,9,0,0,5,1,0,0,0,13,11,1.928571429,0,3
20210513WOOB0,20210513,OB,WO,0,B,0,0,L,0,27,175,47,40,14,1,0,0,1,0,0,1,4,0,2,6,1,1,0,0,14,12,3.375,0,3
20210514HHWO0,20210514,WO,HH,0,B,0,0,L,0,27,168,41,33,9,1,0,0,1,0,0,2,6,0,0,8,0,0,0,0,6,6,1.8,0,2.625
20210514HHWO0,20210514,HH,WO,0,T,0,0,W,1,27,151,36,31,7,0,0,0,0,1,0,0,3,0,2,12,0,0,0,0,1,1,1,0,1.875
20210514HTNC0,20210514,HT,NC,0,T,0,0,L,0,24,144,38,29,9,1,0,0,0,0,2,0,6,1,1,6,1,2,0,0,5,5,3,0,2.25
20210514HTNC0,20210514,NC,HT,0,B,0,0,W,0,27,169,40,35,8,0,0,0,1,0,0,0,4,0,1,14,0,0,0,0,2,2,1.5,0,1.333333333
20210514KTLT0,20210514,KT,LT,0,T,0,0,W,0,27,147,36,32,6,1,0,0,0,0,0,0,4,0,0,10,1,0,0,0,1,0,0.857142857,0,1.333333333
20210514KTLT0,20210514,LT,KT,0,B,0,0,L,0,27,158,48,40,15,2,0,0,1,0,1,0,7,0,0,3,1,2,0,0,9,9,1.764705882,0,1.8
20210514OBSK0,20210514,OB,SK,0,T,0,0,W,2,27,176,44,35,9,2,1,0,1,0,1,0,7,0,1,7,1,1,0,0,3,3,1.8,0,1.2
20210514OBSK0,20210514,SK,OB,0,B,0,0,L,0,27,176,40,35,8,1,0,1,0,1,0,1,3,0,1,7,0,1,0,1,6,3,1.2,0,1.2
20210514SSLG0,20210514,LG,SS,0,B,0,0,W,1,27,120,37,31,7,2,0,0,2,0,1,1,3,0,1,4,0,0,0,0,3,2,1.125,0,1
20210514SSLG0,20210514,SS,LG,0,T,0,0,L,0,24,129,34,32,7,2,1,0,0,0,1,0,1,0,0,7,0,1,0,0,4,2,2.5,0,1.714285714
20210515HHWO0,20210515,WO,HH,0,B,0,0,W,0,27,133,39,36,9,1,1,0,0,0,0,0,3,0,0,8,0,1,0,0,1,1,1,0,0.9
20210515HHWO0,20210515,HH,WO,0,T,0,0,L,0,24,214,48,38,15,6,0,0,2,0,0,1,8,0,1,5,1,1,0,0,15,9,5.142857143,0,6.6
20210515HTNC0,20210515,NC,HT,0,B,0,0,W,2,27,159,39,36,11,2,0,0,0,0,0,1,2,0,0,6,1,0,0,0,3,3,2,0,0.9
20210515HTNC0,20210515,HT,NC,0,T,0,0,L,0,24,144,39,37,13,3,0,3,1,0,0,0,2,0,0,4,1,0,0,1,7,7,0.9,0,4
20210515KTLT0,20210515,KT,LT,0,T,0,0,W,1,27,164,44,39,15,1,0,0,2,0,1,0,4,0,0,4,1,0,0,0,4,4,1.666666667,0,2.333333333
20210515KTLT0,20210515,LT,KT,0,B,0,0,L,0,27,154,39,35,8,2,0,1,0,0,0,0,3,0,1,8,0,0,0,0,5,5,2.25,0,1.333333333
20210515SSLG0,20210515,SS,LG,0,T,0,0,L,0,24,165,43,37,15,6,0,3,1,0,1,1,4,0,0,5,0,1,0,0,14,14,3,0,4.5
20210515SSLG0,20210515,LG,SS,0,B,0,0,W,0,27,156,37,31,4,0,0,1,0,0,0,0,6,0,0,8,1,1,2,0,4,2,1.2,0,2.571428571
20210516HHWO0,20210516,WO,HH,0,B,0,0,W,0,27,130,33,32,6,0,0,1,0,0,0,0,1,0,0,9,1,0,0,0,1,1,0,0,0.25
20210516HHWO0,20210516,HH,WO,0,T,0,0,L,0,24,120,36,32,9,1,0,2,1,0,1,0,3,1,0,6,0,0,0,0,5,5,2.4,0,1.5
20210517OBSK0,20210517,OB,SK,0,T,0,0,W,1,27,158,37,36,8,2,0,0,1,0,0,0,1,0,0,7,0,0,0,0,3,3,1,0,0.3
20210517OBSK0,20210517,SK,OB,0,B,0,0,L,0,27,156,45,34,10,1,0,2,1,1,2,0,8,0,1,4,1,1,0,1,8,5,2.625,0,2.625
20210517SSLG0,20210517,SS,LG,0,T,0,0,W,0,27,176,37,27,3,1,1,1,1,2,1,0,8,0,1,7,0,1,0,0,1,1,1,0,0.5
20210517SSLG0,20210517,LG,SS,0,B,0,0,L,2,27,141,35,33,6,1,0,0,0,0,0,0,2,0,0,3,0,0,0,0,3,3,3,0,1.5
20210518LTHH0,20210518,HH,LT,0,B,0,0,L,0,27,172,43,36,8,2,0,2,0,0,0,0,7,0,0,5,1,0,0,0,4,3,1.333333333,0,2.571428571
20210518LTHH0,20210518,LT,HH,0,T,0,0,W,2,27,169,35,30,6,1,0,0,0,1,0,1,4,0,0,16,1,1,0,0,3,3,1.2,0,0.9
20210518NCLG0,20210518,LG,NC,0,B,0,0,W,2,27,150,34,29,4,0,0,0,0,0,0,0,5,0,0,7,2,1,0,0,0,0,1,0,1.5
20210518NCLG0,20210518,NC,LG,0,T,0,0,L,0,24,155,33,27,4,0,0,0,0,0,0,0,5,0,1,8,0,0,0,0,1,1,1.5,0,0.545454545
20210518OBKT0,20210518,KT,OB,0,B,0,0,W,2,27,158,35,31,5,0,0,0,0,1,0,0,4,0,0,10,0,1,0,0,0,0,0,0,2.142857143
20210518OBKT0,20210518,OB,KT,0,T,0,0,L,0,24,135,32,31,8,0,0,0,1,1,0,0,1,0,0,12,0,0,0,1,1,1,0.6,0,1.875
20210518SKHT0,20210518,HT,SK,0,B,0,0,L,0,27,163,42,38,14,2,1,2,0,0,0,0,4,0,0,4,3,0,0,0,7,7,1.666666667,0,2.1
20210518SKHT0,20210518,SK,HT,0,T,0,0,W,2,27,157,43,36,11,2,0,0,0,0,0,1,6,0,0,2,1,0,0,0,5,5,2.142857143,0,1.5
20210518WOSS0,20210518,SS,WO,0,B,0,0,L,0,27,207,50,43,18,2,1,3,0,0,0,1,6,0,0,8,1,0,0,0,15,15,4.8,0,2.181818182
20210518WOSS0,20210518,WO,SS,0,T,0,0,W,0,27,158,39,36,8,1,0,1,0,0,0,0,2,0,1,6,0,1,0,0,3,2,0.333333333,0,2.142857143
20210519LTHH0,20210519,HH,LT,0,B,0,0,W,0,27,164,36,32,5,2,0,0,0,0,0,0,3,0,1,6,0,1,0,0,2,2,1,0,0.666666667
20210519LTHH0,20210519,LT,HH,0,T,0,0,L,0,24,162,40,36,14,3,0,3,1,0,0,0,4,0,0,4,1,0,0,0,12,12,3.5,0,2
20210519NCLG0,20210519,NC,LG,0,T,0,0,L,0,29,166,46,38,12,3,0,0,0,0,1,2,3,1,2,11,0,1,0,0,6,6,1.8,0,1.090909091
20210519NCLG0,20210519,LG,NC,0,B,0,0,W,0,30,163,44,36,8,3,0,1,0,2,0,0,6,0,2,6,0,0,0,0,5,5,2.4,0,0.9
20210519OBKT0,20210519,OB,KT,0,T,0,0,L,0,24,155,35,31,9,1,0,1,1,2,0,0,3,0,1,13,0,2,0,0,6,4,1.125,0,2.142857143
20210519OBKT0,20210519,KT,OB,0,B,0,0,W,5,27,147,39,33,9,1,1,1,0,0,1,1,3,0,1,5,1,0,0,0,5,5,0.375,0,1
20210519SKHT0,20210519,HT,SK,0,B,0,0,L,0,27,186,49,39,13,2,0,2,0,0,1,0,8,0,1,5,1,0,1,1,11,9,4,0,2.666666667
20210519SKHT0,20210519,SK,HT,0,T,0,0,W,1,27,145,43,35,11,1,0,0,3,0,2,0,6,0,0,6,1,0,0,0,5,5,0.882352941,0,0.75
20210519WOSS0,20210519,WO,SS,0,T,0,0,W,0,27,167,40,37,11,1,0,1,1,0,0,0,3,0,0,10,1,0,0,0,2,2,0.375,0,0.75
20210519WOSS0,20210519,SS,WO,0,B,0,0,L,0,27,169,43,38,14,4,0,4,1,1,0,0,5,0,0,6,1,0,1,0,9,9,1.090909091,0,2.666666667
20210520NCLG0,20210520,NC,LG,0,T,0,0,W,0,27,96,32,31,5,1,0,0,0,0,0,0,1,0,0,4,2,0,0,0,1,1,1.5,0,1.125
20210520NCLG0,20210520,LG,NC,0,B,0,0,L,0,27,176,49,46,19,3,1,3,3,0,0,0,3,0,0,6,1,0,0,0,11,10,1.909090909,0,3.375
20210521HTSS0,20210521,SS,HT,0,B,0,0,W,2,27,178,37,36,10,2,0,0,0,0,0,0,1,0,0,7,1,0,1,0,3,3,1.8,0,1.5
20210521HTSS0,20210521,HT,SS,0,T,0,0,L,0,24,145,35,29,10,3,0,0,0,1,1,0,5,0,0,6,2,1,0,0,5,5,1.8,0,1.666666667
20210521KTHH0,20210521,HH,KT,0,B,0,0,W,1,27,150,34,30,4,1,0,0,0,0,0,0,4,0,0,9,1,0,0,0,0,0,0.5,0,2.142857143
20210521KTHH0,20210521,KT,HH,0,T,0,0,L,0,24,166,37,29,5,0,0,0,2,0,1,1,6,0,0,10,0,2,0,1,4,4,1,0,2.142857143
20210521LGSK0,20210521,LG,SK,0,T,0,0,L,0,26,196,44,33,11,0,0,0,0,0,1,1,6,0,3,4,1,1,0,1,6,5,1.333333333,0,1.5
20210521LGSK0,20210521,SK,LG,0,B,0,0,W,2,27,153,41,33,7,2,0,3,0,0,0,0,7,0,1,7,1,1,0,0,5,5,1.714285714,0,0.818181818
20210521LTOB0,20210521,OB,LT,0,B,0,0,L,0,27,149,43,39,13,0,1,1,0,0,0,1,3,0,0,6,1,0,0,0,9,8,3.5,0,1.5
20210521LTOB0,20210521,LT,OB,0,T,0,0,W,0,27,157,36,33,6,1,0,0,0,0,0,0,3,0,0,5,1,0,0,0,1,1,0.857142857,0,0.272727273
20210521NCWO0,20210521,NC,WO,0,T,0,0,L,0,24,139,31,27,4,1,0,0,2,0,0,0,4,0,0,7,1,0,0,0,2,2,0.428571429,0,0.3
20210521NCWO0,20210521,WO,NC,0,B,0,0,W,1,27,127,33,26,3,2,0,0,0,0,1,0,5,0,1,5,2,1,0,0,0,0,0,0,1.333333333
20210522HTSS0,20210522,HT,SS,0,T,0,0,W,0,27,137,35,32,7,0,1,0,1,0,1,1,1,0,0,6,0,0,1,0,4,3,0,0,0.272727273
20210522HTSS0,20210522,SS,HT,0,B,0,0,L,0,27,159,41,38,11,0,1,3,1,0,0,0,3,0,0,8,0,0,0,0,9,7,3,0,1.090909091
20210522KTHH0,20210522,KT,HH,0,T,0,0,L,0,24,149,34,27,5,1,0,2,1,2,0,0,7,0,0,8,1,1,0,0,5,4,0,0,0.545454545
20210522KTHH0,20210522,HH,KT,0,B,0,0,W,0,27,134,32,27,1,0,0,0,1,0,0,0,3,0,2,12,2,0,0,0,0,0,0,0,0.25
20210522LGSK0,20210522,LG,SK,0,T,0,0,L,0,24,171,38,33,9,1,1,3,2,0,0,1,4,0,0,12,0,0,0,0,8,8,3.6,0,1.125
20210522LGSK0,20210522,SK,LG,0,B,0,0,W,0,27,147,39,37,10,1,0,2,0,0,0,0,1,0,1,4,1,0,0,0,3,3,1.2,0,2.25
20210522LTOB0,20210522,LT,OB,0,T,0,0,L,0,29,148,36,34,6,0,0,0,0,0,0,1,1,0,0,9,0,0,0,0,4,4,9,0,0.6
20210522LTOB0,20210522,OB,LT,0,B,0,0,W,0,30,182,45,37,9,5,0,0,1,0,0,1,7,1,0,7,1,0,0,0,3,3,1.384615385,0,3.428571429
20210522NCWO0,20210522,WO,NC,0,B,0,0,W,0,27,151,41,39,15,1,0,1,0,1,0,0,2,0,0,4,2,1,0,0,6,6,1.714285714,0,2.1
20210522NCWO0,20210522,NC,WO,0,T,0,0,L,0,24,172,47,41,19,7,0,0,1,0,0,3,2,0,1,8,0,0,0,1,13,9,2.769230769,0,1.666666667
20210523HTSS0,20210523,SS,HT,0,B,0,0,W,1,27,191,45,37,11,2,0,1,0,2,0,1,5,0,2,8,0,0,0,0,5,5,0.666666667,0,1.875
20210523HTSS0,20210523,HT,SS,0,T,0,0,L,0,24,146,36,27,7,0,1,2,0,0,1,2,4,0,2,4,1,0,0,0,7,7,1.285714286,0,0.6
20210523KTHH0,20210523,KT,HH,0,T,0,0,W,0,27,165,38,31,5,0,0,0,0,0,0,1,6,0,0,11,0,1,0,0,1,1,2.5,0,2.142857143
20210523KTHH0,20210523,HH,KT,0,B,0,0,L,0,27,227,46,32,5,2,0,1,2,0,0,0,14,0,0,7,0,1,0,0,8,8,2.7,0,1.090909091
20210523LGSK0,20210523,LG,SK,0,T,0,0,L,0,24,144,38,35,11,3,0,1,2,0,0,1,2,0,0,3,0,0,0,0,8,5,1.2,0,1.714285714
20210523LGSK0,20210523,SK,LG,0,B,0,0,W,0,27,154,38,32,6,1,0,0,1,0,0,0,5,0,1,8,1,0,0,0,0,0,0,0,0.666666667
20210523LTOB0,20210523,OB,LT,0,B,0,0,W,1,27,132,35,33,9,0,0,0,0,0,0,0,2,0,0,7,2,0,0,0,0,0,0,0,1
20210523LTOB0,20210523,LT,OB,0,T,0,0,L,0,24,143,37,30,9,2,0,1,1,1,1,0,6,0,0,7,2,3,0,0,4,3,1.333333333,0,1.875
20210523NCWO0,20210523,WO,NC,0,B,0,0,W,1,27,174,44,41,14,2,0,1,0,0,0,0,3,0,0,6,1,0,0,0,4,4,1.2,0,2.625
20210523NCWO0,20210523,NC,WO,0,T,0,0,L,0,24,144,35,35,10,3,0,0,0,0,0,0,0,0,0,7,0,1,0,0,7,5,10.5,0,1.125
20210526HHOB0,20210526,HH,OB,0,T,0,0,L,0,24,178,44,36,12,2,0,2,1,0,0,0,8,0,0,6,0,0,0,0,9,9,2.625,0,4.5
20210526HHOB0,20210526,OB,HH,0,B,0,0,W,0,27,180,42,37,11,2,1,1,2,0,0,1,4,0,0,14,0,0,0,0,3,3,1.666666667,0,1.5
20210526LGLT0,20210526,LG,LT,0,T,0,0,W,0,27,117,33,30,5,0,0,1,0,0,1,0,2,1,0,7,1,1,0,0,3,3,2.25,0,0.545454545
20210526LGLT0,20210526,LT,LG,0,B,0,0,L,0,27,152,42,36,13,1,0,1,1,0,2,0,4,1,0,5,0,0,0,0,5,5,1.875,0,3.428571429
20210526SKKT0,20210526,SK,KT,0,T,0,0,W,0,36,217,53,46,13,3,0,1,0,0,0,1,5,3,1,12,1,0,1,0,5,5,1.285714286,0,0.857142857
20210526SKKT0,20210526,KT,SK,0,B,0,0,L,1,36,235,55,44,10,3,0,1,3,0,1,1,9,0,0,12,1,1,0,0,9,9,1.5,0,3
20210526SSNC0,20210526,NC,SS,0,B,0,0,L,0,27,182,49,42,16,1,0,3,1,0,0,1,6,0,0,2,0,0,0,0,7,7,2.142857143,0,3.375
20210526SSNC0,20210526,SS,NC,0,T,0,0,W,0,27,139,35,31,4,0,0,1,0,0,0,0,4,0,0,10,0,0,0,0,1,1,1,0,1
20210526WOHT0,20210526,WO,HT,0,T,0,0,L,0,24,125,31,26,3,0,0,1,1,1,0,0,4,0,1,6,1,0,0,0,3,3,3,0,0.333333333
20210526WOHT0,20210526,HT,WO,0,B,0,0,W,1,27,140,37,32,4,0,0,1,0,0,0,0,4,0,1,7,0,0,0,0,2,1,3,0,0
20210527HHOB0,20210527,HH,OB,0,T,0,0,W,1,27,142,33,29,4,0,0,0,2,0,0,0,4,0,0,7,2,0,0,0,0,0,0,0,1.5
20210527HHOB0,20210527,OB,HH,0,B,0,0,L,0,27,162,39,29,7,1,1,0,3,2,1,0,8,0,1,5,0,1,1,0,3,2,1.8,0,3
20210527LGLT0,20210527,LT,LG,0,B,0,0,L,0,27,184,44,38,11,2,0,1,0,1,0,0,6,0,0,9,1,0,0,0,8,8,2.25,0,2
20210527LGLT0,20210527,LG,LT,0,T,0,0,W,2,27,126,30,28,3,1,0,0,0,0,0,0,2,0,0,5,1,1,0,0,1,1,0.75,0,0.75
20210527SKKT0,20210527,KT,SK,0,B,0,0,W,0,30,170,44,36,9,2,0,0,0,2,1,1,6,0,0,8,1,1,0,0,5,5,1.666666667,0,1.25
20210527SKKT0,20210527,SK,KT,0,T,0,0,L,0,28,176,45,38,11,3,0,1,0,0,1,0,5,0,1,6,1,0,0,1,6,6,1.666666667,0,2.625
20210527SSNC0,20210527,NC,SS,0,B,0,0,W,2,27,147,36,34,8,2,0,0,1,0,0,0,2,0,0,7,1,1,0,0,3,3,0.857142857,0,1
20210527SSNC0,20210527,SS,NC,0,T,0,0,L,0,24,159,39,32,11,2,0,1,0,0,2,0,5,0,0,8,0,0,0,1,6,5,1.333333333,0,4
20210527WOHT0,20210527,HT,WO,0,B,0,0,W,2,27,185,43,34,9,3,0,1,3,0,1,0,7,0,1,12,0,1,0,0,4,4,0.923076923,0,1
20210527WOHT0,20210527,WO,HT,0,T,0,0,L,0,24,130,36,32,10,1,0,0,0,0,0,0,4,0,0,5,1,0,0,0,5,5,2.142857143,0,2.571428571
20210528KTHT0,20210528,KT,HT,0,T,0,0,L,0,28,179,49,37,12,1,0,0,1,0,1,0,10,2,1,4,2,0,0,1,7,6,3,0,1.909090909
20210528KTHT0,20210528,HT,KT,0,B,0,0,W,1,30,166,41,37,8,2,0,2,0,0,0,0,4,0,0,10,1,1,0,0,6,6,1.8,0,1.8
20210528OBSS0,20210528,OB,SS,0,T,0,0,W,0,27,160,40,37,12,2,0,0,0,0,1,0,2,0,0,7,0,0,0,0,4,4,1.5,0,0.5
20210528OBSS0,20210528,SS,OB,0,B,0,0,L,0,27,171,46,41,16,0,1,2,0,0,0,1,4,0,0,6,2,0,0,0,9,9,2.571428571,0,3.428571429
20210528SKHH0,20210528,HH,SK,0,B,0,0,L,0,27,218,49,41,14,3,0,2,1,0,0,0,8,0,0,12,0,0,0,0,12,12,3.75,0,2.1
20210528SKHH0,20210528,SK,HH,0,T,0,0,W,0,27,155,39,32,6,1,0,0,0,0,0,0,4,0,3,6,1,0,0,0,3,3,1.714285714,0,0.9
20210528WOLG0,20210528,LG,WO,0,B,0,0,W,4,27,159,37,32,6,0,0,0,0,0,0,1,4,0,0,9,0,0,0,0,1,1,1.2,0,1.5
20210528WOLG0,20210528,WO,LG,0,T,0,0,L,0,24,123,33,30,8,0,0,1,2,0,1,0,1,0,1,5,1,0,0,0,3,2,0.75,0,0.9
20210529KTHT0,20210529,KT,HT,0,T,0,0,W,0,27,164,41,37,14,2,0,0,0,0,0,1,3,0,0,7,2,1,0,0,5,5,1.363636364,0,2
20210529KTHT0,20210529,HT,KT,0,B,0,0,L,3,27,209,43,31,8,3,0,0,0,2,1,0,9,0,2,9,2,0,0,0,7,7,2.25,0,2
20210529NCLT1,20210529,NC,LT,1,T,0,0,D,0,27,163,45,40,15,7,0,1,0,0,0,0,5,0,0,8,1,0,0,0,10,10,2.666666667,0,2.625
20210529NCLT1,20210529,LT,NC,1,B,0,0,D,2,27,168,43,39,12,2,0,2,1,0,0,1,2,0,1,9,0,0,0,1,10,8,2,0,1.090909091
20210529NCLT2,20210529,NC,LT,2,T,0,0,W,0,27,126,33,30,5,0,0,0,0,0,0,0,2,0,1,11,2,0,0,0,2,1,0.75,0,1.333333333
20210529NCLT2,20210529,LT,NC,2,B,0,0,L,0,27,165,42,39,12,5,0,0,1,0,0,0,2,0,1,10,1,1,0,0,6,6,1.363636364,0,1.666666667
20210529OBSS0,20210529,SS,OB,0,B,0,0,W,0,27,161,43,35,10,2,0,0,0,0,0,1,5,0,2,5,1,0,0,0,4,4,1.384615385,0,2
20210529OBSS0,20210529,OB,SS,0,T,0,0,L,0,24,216,52,46,24,5,0,4,3,0,0,2,4,0,0,4,0,2,0,0,16,16,2.5,0,3
20210529SKHH0,20210529,HH,SK,0,B,0,0,L,0,27,212,46,35,8,1,1,0,0,0,0,1,9,0,1,8,0,2,1,0,6,6,1.636363636,0,2.571428571
20210529SKHH0,20210529,SK,HH,0,T,0,0,W,1,27,121,30,26,2,0,1,0,1,0,0,1,3,0,0,6,2,0,0,0,2,2,1,0,0.333333333
20210529WOLG0,20210529,WO,LG,0,T,0,0,W,2,27,163,39,32,7,3,0,0,0,0,0,1,5,0,1,9,1,0,0,0,2,2,0.75,0,2.142857143
20210529WOLG0,20210529,LG,WO,0,B,0,0,L,0,27,178,45,36,12,2,0,1,1,1,0,1,6,0,2,6,1,0,0,0,7,7,1.2,0,3
20210530KTHT0,20210530,KT,HT,0,T,0,0,W,0,27,140,36,29,4,0,0,0,0,1,1,0,6,0,0,5,0,0,0,0,3,3,3,0,0.9
20210530KTHT0,20210530,HT,KT,0,B,0,0,L,0,27,137,36,31,7,2,0,0,3,0,1,1,2,0,1,6,1,1,0,0,4,4,1,0,3.5
20210530NCLT0,20210530,NC,LT,0,T,0,0,W,5,27,169,41,34,8,2,0,1,0,0,0,0,6,0,1,6,1,1,0,0,4,4,2.142857143,0,1.666666667
20210530NCLT0,20210530,LT,NC,0,B,0,0,L,0,27,181,37,27,4,2,0,0,0,1,1,2,7,0,0,8,0,2,0,0,5,5,0.333333333,0,0.9
20210530OBSS0,20210530,OB,SS,0,T,0,0,W,1,27,142,38,34,6,1,0,0,2,0,0,0,4,0,0,6,0,0,0,0,2,2,1,0,0.6
20210530OBSS0,20210530,SS,OB,0,B,0,0,L,0,27,157,37,34,9,1,0,2,1,0,0,0,2,0,1,8,2,0,0,0,4,4,1,0,1.333333333
20210530SKHH0,20210530,SK,HH,0,T,0,0,W,2,27,131,38,32,8,2,0,0,0,0,1,0,5,0,0,5,2,0,0,0,1,1,0,0,0.9
20210530SKHH0,20210530,HH,SK,0,B,0,0,L,0,27,193,44,36,12,1,0,1,0,2,1,0,7,0,0,4,1,0,0,0,5,5,1,0,3
20210530WOLG0,20210530,WO,LG,0,T,0,0,L,0,24,146,40,33,9,1,1,0,2,0,0,0,6,0,1,6,1,0,0,0,8,4,3,0,1.5
20210530WOLG0,20210530,LG,WO,0,B,0,0,W,0,27,117,35,31,6,1,0,1,0,0,0,1,3,0,0,6,1,0,0,0,2,2,0.428571429,0,0.5
20210601HTHH0,20210601,HT,HH,0,T,0,0,L,0,24,145,38,35,12,3,0,2,0,1,0,0,2,0,1,8,1,0,0,0,9,8,1.2,0,2.142857143
20210601HTHH0,20210601,HH,HT,0,B,0,0,W,1,27,160,37,33,7,0,0,0,0,0,0,0,4,0,0,5,0,0,0,0,1,1,0.857142857,0,1.5
20210601KTLG0,20210601,KT,LG,0,T,0,0,W,0,27,123,30,26,3,1,0,0,0,0,0,0,3,0,1,6,4,0,0,0,1,1,1.5,0,0.6
20210601KTLG0,20210601,LG,KT,0,B,0,0,L,0,27,162,45,42,16,1,0,1,2,0,0,0,2,0,1,6,1,0,0,0,8,8,2,0,3
20210601LTWO0,20210601,WO,LT,0,B,0,0,L,0,27,154,36,34,9,1,0,2,0,2,0,0,2,0,0,8,0,1,0,0,3,3,1,0,2.142857143
20210601LTWO0,20210601,LT,WO,0,T,0,0,W,2,27,127,32,29,4,2,0,0,0,1,0,0,3,0,0,6,1,0,0,0,0,0,0.375,0,0.5
20210601OBNC0,20210601,NC,OB,0,B,0,0,L,0,27,146,38,35,10,3,0,1,0,0,1,0,2,0,0,8,1,0,1,0,4,4,1.285714286,0,1.875
20210601OBNC0,20210601,OB,NC,0,T,0,0,W,1,27,147,36,35,9,0,0,2,1,0,0,0,1,0,0,10,0,0,0,0,3,3,1.5,0,0.6
20210601SSSK0,20210601,SK,SS,0,B,0,0,W,0,27,130,32,31,4,0,0,0,1,0,0,0,1,0,0,9,0,0,0,0,0,0,0,0,0.6
20210601SSSK0,20210601,SS,SK,0,T,0,0,L,0,25,106,33,29,6,1,0,0,0,1,1,0,3,1,0,4,0,0,0,0,1,1,6,0,1.875
20210602HTHH0,20210602,HH,HT,0,B,0,0,L,0,27,163,41,34,10,4,0,0,0,2,0,0,6,0,1,8,2,1,0,0,5,4,1.636363636,0,1.090909091
20210602HTHH0,20210602,HT,HH,0,T,0,0,W,2,27,170,41,30,5,0,0,1,1,0,1,1,9,0,0,8,0,0,0,0,3,3,0.375,0,1.5
20210602KTLG0,20210602,LG,KT,0,B,0,0,W,0,27,134,36,34,8,5,0,1,0,0,0,0,2,0,0,6,1,0,0,0,5,5,4,0,0.6
20210602KTLG0,20210602,KT,LG,0,T,0,0,L,1,24,115,36,31,9,2,1,1,1,0,1,1,3,0,0,4,0,1,0,1,6,6,1.090909091,0,4.2
20210602LTWO0,20210602,WO,LT,0,B,0,0,L,0,27,126,36,33,8,1,0,2,1,1,0,0,3,1,0,7,1,0,0,1,4,3,4.5,0,1.5
20210602LTWO0,20210602,LT,WO,0,T,0,0,W,3,27,135,37,28,2,0,0,0,1,0,0,1,4,0,4,8,0,0,0,0,2,2,1,0,1
20210602OBNC0,20210602,OB,NC,0,T,0,0,L,0,24,174,43,33,12,3,0,1,1,0,1,2,5,0,2,2,1,2,0,0,9,8,2.1,0,4.8
20210602OBNC0,20210602,NC,OB,0,B,0,0,W,1,27,142,35,32,6,2,1,2,0,1,0,0,3,0,0,12,0,0,0,0,5,4,1.5,0,0.545454545
20210602SSSK0,20210602,SS,SK,0,T,0,0,W,2,27,159,41,31,8,2,0,3,1,0,0,0,8,0,2,3,3,0,0,0,7,6,2.4,0,1.363636364
20210602SSSK0,20210602,SK,SS,0,B,0,0,L,0,27,206,48,37,12,1,0,2,0,1,2,0,9,0,0,6,0,0,0,0,8,7,1.2,0,5
20210603LTWO0,20210603,WO,LT,0,B,0,0,W,1,27,162,41,37,9,3,0,0,0,0,0,0,4,0,0,6,1,1,0,0,4,2,1.636363636,0,2
20210603LTWO0,20210603,LT,WO,0,T,0,0,L,0,24,168,43,37,13,3,1,0,1,1,0,0,6,0,0,4,0,0,0,0,9,6,3,0,5.4
20210604HHNC0,20210604,NC,HH,0,B,0,0,W,2,27,155,35,32,7,1,0,2,0,0,0,0,3,0,0,7,2,0,0,0,3,3,2,0,1
20210604HHNC0,20210604,HH,NC,0,T,0,0,L,0,24,152,38,30,9,2,0,1,1,1,1,0,6,0,1,6,0,1,0,1,6,4,1.666666667,0,2.571428571
20210604LGHT0,20210604,HT,LG,0,B,0,0,W,0,27,156,37,33,7,0,0,1,0,1,1,0,2,0,1,8,0,0,0,0,3,3,3,0,1
20210604LGHT0,20210604,LG,HT,0,T,0,0,L,0,26,146,40,32,7,0,0,0,0,1,0,0,5,0,3,6,1,0,0,1,4,3,1.285714286,0,1.333333333
20210604LTKT0,20210604,LT,KT,0,T,1,0,W,0,27,117,31,28,3,0,0,0,0,0,0,0,3,0,0,7,2,0,0,0,0,0,0,0,1.333333333
20210604LTKT0,20210604,KT,LT,0,B,0,0,L,0,27,225,52,43,16,3,0,1,0,0,0,0,8,0,1,9,1,1,0,0,15,11,3,0,3.375
20210604SKOB0,20210604,OB,SK,0,B,0,0,W,3,27,164,40,37,10,0,0,0,1,0,0,0,3,0,0,6,0,1,0,0,2,2,1.5,0,2.25
20210604SKOB0,20210604,SK,OB,0,T,0,0,L,0,24,125,31,29,6,2,1,0,0,1,0,0,2,0,0,4,1,0,1,0,3,1,1.5,0,1.5
20210604SSWO0,20210604,WO,SS,0,B,0,0,L,0,27,155,45,38,12,2,0,0,1,0,1,1,4,1,1,10,0,0,0,1,6,4,2.25,0,3.5
20210604SSWO0,20210604,SS,WO,0,T,0,0,W,0,27,139,38,32,7,1,0,1,0,0,0,0,6,0,0,7,2,0,0,0,3,3,3,0,1.333333333
20210605HHNC0,20210605,HH,NC,0,T,0,0,L,0,24,152,39,34,11,1,0,1,1,1,0,0,4,0,1,4,0,1,0,0,6,6,2.571428571,0,2.571428571
20210605HHNC0,20210605,NC,HH,0,B,0,0,W,1,27,156,37,35,8,0,0,1,0,0,0,0,2,0,0,11,0,2,0,0,1,1,0,0,1.714285714
20210605LGHT0,20210605,LG,HT,0,T,0,0,W,0,27,173,42,36,8,3,0,0,0,0,0,0,5,0,1,8,1,0,0,1,2,1,1,0,0.9
20210605LGHT0,20210605,HT,LG,0,B,0,0,L,0,27,189,46,42,16,6,0,1,0,1,0,0,4,0,0,6,0,1,0,0,8,8,2.454545455,0,2.625
20210605LTKT0,20210605,KT,LT,0,B,0,0,W,0,27,139,34,32,5,0,0,0,0,0,0,0,2,0,0,10,0,0,0,0,1,1,3,0,1
20210605LTKT0,20210605,LT,KT,0,T,0,0,L,0,24,147,39,36,13,1,0,1,0,0,0,0,3,1,0,6,0,1,0,0,8,8,1.875,0,3.5
20210605SKOB0,20210605,OB,SK,0,B,0,0,W,0,27,149,38,35,10,0,0,2,1,0,0,1,1,0,1,11,1,0,0,0,5,5,0.428571429,0,1.5
20210605SKOB0,20210605,SK,OB,0,T,0,0,L,0,24,193,42,34,11,1,0,2,1,0,0,0,7,0,1,5,1,1,0,0,8,8,2.181818182,0,1.8
20210605SSWO0,20210605,SS,WO,0,T,0,0,L,0,24,159,39,37,15,1,0,1,1,0,0,0,2,0,0,7,1,1,0,0,6,6,1.875,0,1.5
20210605SSWO0,20210605,WO,SS,0,B,0,0,W,0,27,128,33,32,6,4,0,0,0,0,0,0,1,0,0,6,1,0,0,0,2,2,1,0,1.5
20210606HHNC0,20210606,NC,HH,0,B,0,0,L,1,27,230,50,37,11,3,1,2,4,0,0,0,13,1,0,10,1,3,0,0,13,13,5.142857143,0,2.4
20210606HHNC0,20210606,HH,NC,0,T,0,0,W,0,27,176,45,38,12,3,0,2,1,0,1,0,6,1,0,4,0,0,0,0,10,10,4.2,0,2
20210606LGHT0,20210606,LG,HT,0,T,0,0,W,0,27,132,36,31,6,1,0,0,0,0,0,0,5,0,0,5,1,0,0,0,0,0,0,0,0.9
20210606LGHT0,20210606,HT,LG,0,B,0,0,L,0,27,161,43,37,11,2,0,2,2,0,0,0,5,0,1,5,1,0,0,0,10,10,7,0,3.428571429
20210606LTKT0,20210606,KT,LT,0,B,0,0,L,1,30,190,52,44,15,2,0,1,0,0,0,0,8,0,0,10,1,0,0,0,8,8,2.333333333,0,1.909090909
20210606LTKT0,20210606,LT,KT,0,T,0,0,W,0,30,185,47,40,12,3,0,0,1,0,1,0,5,0,1,7,0,0,1,0,7,7,1.8,0,2
20210606SKOB0,20210606,SK,OB,0,T,0,0,W,0,27,114,32,31,5,0,0,1,0,0,1,0,0,0,0,14,0,0,0,1,1,1,0,0,1
20210606SKOB0,20210606,OB,SK,0,B,0,0,L,0,27,155,36,29,8,0,0,2,0,2,2,0,5,0,0,6,0,0,0,0,4,4,2.4,0,1.2
20210606SSWO0,20210606,SS,WO,0,T,0,0,W,5,27,176,40,31,5,3,0,0,0,0,1,0,8,0,0,7,0,0,0,0,1,1,1.5,0,2.25
20210606SSWO0,20210606,WO,SS,0,B,0,0,L,0,27,130,37,33,10,0,0,0,1,0,1,0,3,0,0,7,2,0,0,0,3,2,1,0,3
20210608HTSS0,20210608,HT,SS,0,T,0,0,L,0,24,145,38,31,10,2,0,0,0,0,1,0,6,0,0,6,1,2,0,0,7,7,2,0,1
20210608HTSS0,20210608,SS,HT,0,B,0,0,W,3,27,158,40,31,5,1,0,0,0,0,1,0,7,0,1,4,0,0,0,0,0,0,0.6,0,1.666666667
20210608KTSK0,20210608,SK,KT,0,B,0,0,L,0,27,161,40,37,11,1,0,1,1,0,0,1,2,1,0,6,0,0,0,0,4,4,1.285714286,0,1.2
20210608KTSK0,20210608,KT,SK,0,T,0,0,W,1,27,131,37,34,6,0,0,1,0,0,0,0,1,0,2,8,0,1,0,0,2,2,0,0,0.3
20210608NCLG0,20210608,NC,LG,0,T,0,0,L,1,24,157,37,30,6,1,0,0,2,0,0,0,5,0,2,11,0,1,0,0,2,2,1.333333333,0,2.142857143
20210608NCLG0,20210608,LG,NC,0,B,0,0,W,0,27,131,32,28,4,0,0,1,0,0,0,0,4,0,0,6,2,0,0,0,1,1,0,0,0.545454545
20210608OBLT0,20210608,OB,LT,0,T,0,0,L,0,24,192,46,42,19,4,0,2,1,0,0,1,3,0,0,9,1,1,0,1,18,17,6,0,6
20210608OBLT0,20210608,LT,OB,0,B,0,0,W,0,27,179,44,36,9,5,0,0,2,0,0,1,3,0,4,12,0,1,0,0,9,9,3,0,0.230769231
20210608WOHH0,20210608,WO,HH,0,T,0,0,L,0,24,141,33,25,4,2,0,0,0,1,1,0,6,0,1,7,2,0,0,0,4,1,0.666666667,0,3
20210608WOHH0,20210608,HH,WO,0,B,0,0,W,2,27,167,40,35,6,2,0,0,0,0,0,0,5,0,0,12,0,0,0,0,2,2,1.5,0,1.875
20210609HTSS0,20210609,HT,SS,0,T,0,0,W,1,27,166,44,36,10,1,0,1,0,0,0,0,5,0,3,9,1,0,0,0,5,5,1.125,0,1.5
20210609HTSS0,20210609,SS,HT,0,B,0,0,L,0,27,181,42,35,9,0,1,2,0,0,0,0,7,0,0,3,0,0,0,0,7,7,2.4,0,3
20210609KTSK0,20210609,KT,SK,0,T,0,0,W,0,27,125,35,30,5,2,0,1,0,0,0,2,3,0,0,6,0,0,0,0,3,3,1,0,1
20210609KTSK0,20210609,SK,KT,0,B,0,0,L,0,27,177,42,37,13,2,0,2,2,1,0,0,5,0,0,3,2,1,0,0,7,6,0.75,0,1.8
20210609NCLG0,20210609,LG,NC,0,B,0,0,W,3,27,190,42,38,10,2,0,0,2,0,0,0,2,0,2,8,0,1,0,0,3,1,1,0,1.666666667
20210609NCLG0,20210609,NC,LG,0,T,0,0,L,0,24,144,39,31,7,0,0,1,1,0,0,0,7,0,1,3,0,1,0,0,6,6,2.333333333,0,1
20210609OBLT0,20210609,OB,LT,0,T,0,0,W,0,27,164,45,37,10,2,0,1,0,0,0,1,6,0,1,9,0,0,0,0,8,6,3.428571429,0,1.5
20210609OBLT0,20210609,LT,OB,0,B,0,0,L,0,27,161,43,36,13,2,0,5,0,0,0,0,7,0,0,8,3,0,0,0,14,14,3,0,2.333333333
20210609WOHH0,20210609,WO,HH,0,T,0,0,W,0,27,152,35,30,3,0,0,0,0,0,0,0,4,0,1,10,0,0,0,0,2,2,4.5,0,1
20210609WOHH0,20210609,HH,WO,0,B,0,0,L,0,27,165,39,31,5,1,0,2,0,1,0,0,7,0,1,9,1,1,0,0,6,4,2.25,0,2.142857143
20210610HTSS0,20210610,HT,SS,0,T,0,0,L,0,24,130,35,34,10,0,0,2,0,0,0,0,0,0,1,5,0,0,0,0,4,4,0,0,1.5
20210610HTSS0,20210610,SS,HT,0,B,0,0,W,1,27,168,39,35,8,2,0,0,0,0,0,0,4,0,0,12,1,0,0,0,2,2,2.142857143,0,1.5
20210610NCLG0,20210610,LG,NC,0,B,0,0,L,0,27,156,39,31,8,3,0,1,0,0,1,2,5,0,0,7,1,0,0,0,6,6,1.714285714,0,1.2
20210610NCLG0,20210610,NC,LG,0,T,0,0,W,0,27,133,35,32,6,0,0,0,0,0,0,0,1,0,2,6,1,0,0,0,0,0,0,0,1.125
20210610OBLT0,20210610,LT,OB,0,B,0,0,W,1,27,117,37,32,8,2,0,1,1,1,1,1,3,0,0,2,1,0,0,0,4,4,1.333333333,0,1.5
20210610OBLT0,20210610,OB,LT,0,T,0,0,L,0,26,137,38,35,13,3,0,0,0,0,1,0,2,1,0,3,1,0,0,0,5,5,2.25,0,2.571428571
20210610WOHH0,20210610,HH,WO,0,B,0,0,W,0,27,139,36,31,4,1,0,0,0,0,2,0,2,0,1,6,0,0,0,0,0,0,0,0,0.666666667
20210610WOHH0,20210610,WO,HH,0,T,0,0,L,0,25,133,32,28,5,3,0,0,0,0,1,0,3,1,0,9,0,1,0,0,1,1,1,0,0.9
20210611HHKT0,20210611,KT,HH,0,B,0,0,W,0,33,211,53,46,16,3,0,2,2,0,0,0,6,1,1,10,3,0,0,0,5,5,1.071428571,0,2.454545455
20210611HHKT0,20210611,HH,KT,0,T,0,0,L,1,30,177,42,38,10,3,1,1,1,0,1,0,3,0,0,5,0,0,1,0,6,6,1.333333333,0,1.090909091
20210611NCSS0,20210611,SS,NC,0,B,0,0,L,3,27,172,45,39,14,5,1,1,0,0,1,0,4,0,1,7,1,0,0,0,5,5,1.5,0,2
20210611NCSS0,20210611,NC,SS,0,T,0,0,W,0,27,116,34,31,5,0,0,3,1,1,0,0,2,0,1,7,0,0,0,0,4,4,0,0,1.5
20210611OBLG0,20210611,LG,OB,0,B,0,0,W,0,27,136,36,33,7,2,0,0,0,0,0,0,2,0,1,3,0,0,0,0,1,1,0.5,0,0.666666667
20210611OBLG0,20210611,OB,LG,0,T,0,0,L,0,24,153,38,27,5,1,0,0,1,1,0,0,10,0,1,3,0,0,0,0,3,3,3,0,8
20210611WOSK0,20210611,SK,WO,0,B,0,0,W,0,27,181,42,34,10,0,0,2,0,0,0,0,8,0,0,7,3,0,0,0,6,6,1.875,0,1.5
20210611WOSK0,20210611,WO,SK,0,T,0,0,L,0,24,142,38,34,12,0,0,4,2,0,0,1,3,0,0,6,2,0,0,0,8,5,0.428571429,0,1.125
20210612HHKT0,20210612,KT,HH,0,B,0,0,W,2,27,164,42,35,9,2,0,1,1,0,1,0,5,0,1,14,0,0,0,0,2,2,0.461538462,0,1.090909091
20210612HHKT0,20210612,HH,KT,0,T,0,0,L,0,24,176,41,33,11,2,0,1,2,2,0,0,8,3,0,9,1,3,0,1,7,4,2.25,0,4.285714286
20210612NCSS0,20210612,NC,SS,0,T,0,0,L,0,24,142,37,32,10,2,0,0,0,0,1,0,4,0,0,6,1,0,0,0,4,4,1.5,0,3
20210612NCSS0,20210612,SS,NC,0,B,0,0,W,1,27,140,36,30,6,1,0,1,0,0,1,0,5,0,0,8,2,0,0,0,1,1,0.75,0,1.875
20210612OBLG0,20210612,OB,LG,0,T,0,0,W,1,30,138,37,33,6,1,0,1,0,0,0,1,3,0,0,7,2,2,0,0,3,3,1,0,1
20210612OBLG0,20210612,LG,OB,0,B,0,0,L,0,30,174,47,41,10,3,0,0,1,0,0,0,5,0,1,9,0,1,0,0,8,8,3,0,1.666666667
20210612WOSK0,20210612,SK,WO,0,B,0,0,W,0,27,161,38,34,6,1,1,1,0,0,0,0,4,0,0,14,0,0,0,0,4,4,0.5,0,2.142857143
20210612WOSK0,20210612,WO,SK,0,T,0,0,L,0,25,157,40,28,5,0,0,2,2,0,2,0,9,2,1,3,1,0,0,0,5,4,0.545454545,0,1.333333333
20210613HHKT0,20210613,KT,HH,0,B,0,0,W,2,27,143,39,36,10,6,0,0,3,0,1,0,2,0,0,9,0,0,0,0,3,3,0.75,0,1.333333333
20210613HHKT0,20210613,HH,KT,0,T,0,0,L,0,24,155,36,31,7,2,0,2,1,0,0,0,5,0,0,5,1,1,0,0,6,5,2,0,2.5
20210613HTLT1,20210613,LT,HT,1,B,0,0,W,1,27,163,42,37,12,3,0,1,1,0,0,0,4,0,1,6,1,0,0,0,6,5,1.875,0,1.8
20210613HTLT1,20210613,HT,LT,1,T,0,0,L,0,24,185,44,35,12,2,0,1,1,0,0,0,8,0,1,7,1,0,0,0,8,8,2.666666667,0,3
20210613HTLT2,20210613,LT,HT,2,B,0,0,L,0,27,146,41,36,11,0,0,1,2,0,1,0,4,0,0,4,1,1,0,1,6,5,2.5,0,0.692307692
20210613HTLT2,20210613,HT,LT,2,T,0,0,W,2,27,152,44,35,11,1,0,1,2,0,1,0,8,0,0,8,1,0,0,0,3,3,0.75,0,3.428571429
20210613NCSS0,20210613,SS,NC,0,B,0,0,W,0,27,188,42,29,6,1,0,0,2,0,1,0,11,0,1,7,2,0,0,0,3,3,1.5,0,2.333333333
20210613NCSS0,20210613,NC,SS,0,T,0,0,L,1,24,138,35,30,7,2,0,0,1,0,0,1,2,1,2,9,0,1,0,0,5,5,0.9,0,2.5
20210613OBLG0,20210613,OB,LG,0,T,0,0,L,0,24,174,40,32,9,1,0,0,0,0,0,0,5,0,3,7,1,0,0,0,2,2,0.75,0,0.818181818
20210613OBLG0,20210613,LG,OB,0,B,0,0,W,4,27,141,32,30,5,0,0,0,1,1,0,0,1,0,1,7,1,0,0,0,0,0,0,0,1
20210613WOSK0,20210613,WO,SK,0,T,0,0,W,0,27,141,34,30,5,0,0,2,1,0,0,0,3,0,1,7,1,0,0,0,3,3,2,0,1.5
20210613WOSK0,20210613,SK,WO,0,B,0,0,L,0,27,158,38,31,5,1,0,2,0,1,0,0,7,0,0,8,0,2,0,0,7,7,4,0,0.6
20210615LGWO0,20210615,LG,WO,0,T,0,0,W,0,27,154,36,33,8,2,0,0,3,1,0,0,3,1,0,7,1,0,0,0,2,2,1.5,0,2.571428571
20210615LGWO0,20210615,WO,LG,0,B,0,0,L,0,27,159,37,32,9,1,0,0,0,1,0,0,4,0,1,8,1,0,0,0,4,4,4,0,0.5
20210615LTHH0,20210615,LT,HH,0,T,0,0,L,0,24,157,33,29,7,1,0,1,3,1,0,0,4,0,0,10,1,0,0,0,3,3,0.375,0,0.9
20210615LTHH0,20210615,HH,LT,0,B,0,0,W,1,27,159,35,29,6,1,1,0,0,0,1,0,5,0,0,8,0,0,0,0,2,2,0,0,0.818181818
20210615SSOB0,20210615,SS,OB,0,T,0,0,W,2,27,173,42,36,10,1,0,1,0,0,0,0,5,0,1,11,2,0,0,0,6,5,2.5,0,3
20210615SSOB0,20210615,OB,SS,0,B,0,0,L,0,27,167,43,37,11,1,1,1,1,1,1,0,4,0,1,5,0,1,0,0,8,7,1.875,0,2.625
20210616KTNC0,20210616,KT,NC,0,T,0,0,W,0,27,133,32,31,5,0,0,1,1,0,0,0,1,0,0,11,0,0,0,0,3,3,0,0,0.6
20210616KTNC0,20210616,NC,KT,0,B,0,0,L,0,27,183,44,36,10,1,0,2,1,1,0,0,7,0,1,10,0,1,0,0,7,7,2.571428571,0,2.625
20210616LGWO0,20210616,WO,LG,0,B,0,0,W,1,27,142,39,34,8,1,0,1,0,0,0,0,4,0,1,6,1,0,0,0,3,3,0.75,0,0.6
20210616LGWO0,20210616,LG,WO,0,T,0,0,L,0,24,164,38,31,8,1,0,1,1,1,0,0,6,0,1,4,0,1,0,0,6,5,2.625,0,1.5
20210616LTHH1,20210616,HH,LT,1,B,0,0,W,1,27,148,40,33,8,2,0,0,0,0,0,2,5,0,0,9,0,1,0,0,4,4,0.461538462,0,2.25
20210616LTHH1,20210616,LT,HH,1,T,0,0,L,0,24,168,40,34,12,6,0,1,1,0,1,0,4,0,1,11,1,2,0,0,9,9,1.25,0,2.25
20210616LTHH2,20210616,HH,LT,2,B,0,0,W,0,27,163,35,31,6,0,0,1,3,0,0,0,3,0,1,8,2,1,0,0,3,3,1.5,0,0.9
20210616LTHH2,20210616,LT,HH,2,T,0,0,L,0,24,135,35,32,9,0,0,1,1,0,0,0,2,0,1,10,1,1,0,0,4,4,0.375,0,2.142857143
20210616SKHT1,20210616,SK,HT,1,T,0,0,W,0,27,148,40,34,8,2,0,1,0,0,0,0,6,0,0,7,1,1,0,0,1,1,0.9,0,1.666666667
20210616SKHT1,20210616,HT,SK,1,B,0,0,L,0,27,193,50,34,9,4,0,1,0,0,0,2,12,0,2,3,2,0,0,0,10,9,1.846153846,0,1.5
20210616SKHT2,20210616,HT,SK,2,B,0,0,W,3,27,160,34,31,2,1,0,0,0,0,0,0,3,0,0,15,0,0,0,0,0,0,0,0,0.272727273
20210616SKHT2,20210616,SK,HT,2,T,0,0,L,0,24,147,35,30,7,0,0,0,0,1,1,0,4,0,0,7,0,0,0,0,2,2,1.8,0,1
20210616SSOB0,20210616,SS,OB,0,T,0,0,W,3,27,142,35,34,8,3,0,1,0,0,0,0,1,0,0,9,1,0,0,0,3,3,0,0,1.875
20210616SSOB0,20210616,OB,SS,0,B,0,0,L,0,27,124,36,34,7,2,0,1,1,0,1,0,1,0,0,5,0,1,0,0,5,4,0.75,0,0.272727273
20210617KTNC0,20210617,KT,NC,0,T,0,0,L,0,24,159,38,34,10,3,0,1,0,0,0,0,3,0,1,12,0,0,0,0,9,9,5,0,2.5
20210617KTNC0,20210617,NC,KT,0,B,0,0,W,1,27,131,32,28,3,0,0,1,0,1,0,0,4,0,0,5,1,0,0,0,1,1,0,0,0.25
20210617LGWO0,20210617,WO,LG,0,B,0,0,L,1,27,148,42,33,12,2,0,1,1,1,3,1,5,2,0,6,0,0,0,0,6,6,1.3125,0,1.8
20210617LGWO0,20210617,LG,WO,0,T,0,0,W,1,27,170,43,37,13,4,1,0,0,0,0,1,5,1,0,10,2,0,0,0,5,5,1.666666667,0,3
20210617LTHH0,20210617,LT,HH,0,T,0,0,W,0,27,178,38,33,7,2,0,1,1,0,0,0,5,0,0,10,0,3,0,0,2,2,0.6,0,3
20210617LTHH0,20210617,HH,LT,0,B,0,0,L,0,27,166,44,40,15,4,0,4,0,1,0,1,3,0,0,6,0,0,1,0,9,9,2.571428571,0,3
20210617SKHT0,20210617,SK,HT,0,T,0,0,W,2,27,112,33,29,5,2,1,0,0,0,1,2,0,0,1,5,0,1,0,0,3,3,0,0,0.272727273
20210617SKHT0,20210617,HT,SK,0,B,0,0,L,0,27,156,44,38,12,2,0,3,1,0,0,0,4,0,2,3,0,0,0,0,6,6,0.818181818,0,2.571428571
20210617SSOB0,20210617,OB,SS,0,B,0,0,W,0,27,136,34,32,6,2,0,0,1,0,0,0,2,0,0,5,0,0,0,0,2,2,0,0,1
20210617SSOB0,20210617,SS,OB,0,T,0,0,L,0,24,119,38,35,11,2,1,0,4,0,0,0,3,0,0,5,0,0,0,0,6,5,2.142857143,0,3
20210618HTLG0,20210618,LG,HT,0,B,0,0,W,0,27,114,33,29,3,0,0,0,0,0,0,0,3,0,1,2,0,0,0,0,0,0,0,0,0.25
20210618HTLG0,20210618,HT,LG,0,T,0,0,L,0,24,116,31,28,5,0,0,2,1,0,0,0,3,0,0,1,1,0,0,0,5,5,2,0,0.272727273
20210618OBKT0,20210618,OB,KT,0,T,0,0,W,0,27,160,37,33,7,0,0,3,0,0,1,0,3,0,0,10,0,0,0,0,3,3,0.5,0,0.272727273
20210618OBKT0,20210618,KT,OB,0,B,0,0,L,0,27,189,50,45,17,4,0,0,2,0,0,1,4,0,0,12,0,4,1,0,11,9,2.0625,0,2.1
20210618SKHH0,20210618,SK,HH,0,T,0,0,L,0,28,187,41,33,8,2,1,0,0,0,1,0,6,0,1,9,2,0,0,1,4,4,1.333333333,0,2.25
20210618SKHH0,20210618,HH,SK,0,B,0,0,W,1,30,202,46,36,10,2,1,0,2,1,0,1,7,1,2,9,1,1,0,0,3,2,1.5,0,1.5
20210618SSLT0,20210618,LT,SS,0,B,0,0,W,0,27,126,36,32,6,1,0,1,0,0,0,0,4,0,0,5,1,0,0,0,4,4,3,0,1
20210618SSLT0,20210618,SS,LT,0,T,0,0,L,0,24,139,34,30,5,3,0,2,0,0,0,0,4,0,0,3,0,1,0,0,7,4,1.285714286,0,0.6
20210618WONC0,20210618,NC,WO,0,B,0,0,W,3,27,143,35,33,7,2,0,0,1,1,0,0,2,0,0,8,0,0,0,0,0,0,0.75,0,1.333333333
20210618WONC0,20210618,WO,NC,0,T,0,0,L,0,24,140,33,28,7,1,0,1,0,0,2,1,2,1,0,6,0,1,0,0,5,5,1.8,0,2.142857143
20210619HTLG0,20210619,HT,LG,0,T,0,0,L,0,24,120,37,32,9,2,0,1,0,0,0,0,3,0,2,3,1,0,0,0,7,7,2.571428571,0,2.5
20210619HTLG0,20210619,LG,HT,0,B,0,0,W,0,27,169,45,41,14,1,0,0,2,0,0,0,4,0,0,4,1,0,1,0,2,1,0.8,0,2.333333333
20210619OBKT1,20210619,KT,OB,1,B,0,0,L,0,27,160,44,36,14,3,0,3,0,0,1,0,7,0,0,6,4,0,0,0,9,9,1.2,0,3.375
20210619OBKT1,20210619,OB,KT,1,T,0,0,W,0,27,136,36,33,7,1,0,0,0,1,0,0,3,0,0,9,0,0,0,0,3,3,2.4,0,1.333333333
20210619OBKT2,20210619,OB,KT,2,T,0,0,L,0,24,144,37,29,7,1,0,0,0,0,1,0,6,1,1,6,1,0,0,0,4,4,1.8,0,2.142857143
20210619OBKT2,20210619,KT,OB,2,B,0,0,W,2,27,142,37,31,7,1,0,1,0,0,0,2,4,0,0,7,1,1,0,0,3,3,0.6,0,1.875
20210619SKHH0,20210619,SK,HH,0,T,0,0,W,1,27,174,43,34,10,2,0,1,2,0,0,1,6,0,2,9,2,0,0,0,5,4,0.9,0,2.625
20210619SKHH0,20210619,HH,SK,0,B,0,0,L,0,27,144,37,32,9,0,0,5,1,3,1,0,3,1,1,7,0,0,0,0,7,7,2,0,1.5
20210619SSLT0,20210619,SS,LT,0,T,0,0,W,0,27,134,36,32,8,1,0,0,0,0,0,0,4,0,0,3,3,0,0,0,1,1,1.5,0,1.333333333
20210619SSLT0,20210619,LT,SS,0,B,0,0,L,0,27,203,48,40,15,5,0,1,2,0,1,0,7,0,0,4,0,1,0,0,9,9,2,0,1.909090909
20210619WONC0,20210619,WO,NC,0,T,0,0,W,1,27,159,40,37,12,0,0,4,1,0,0,0,3,0,0,9,3,1,0,0,7,7,0.75,0,1.666666667
20210619WONC0,20210619,NC,WO,0,B,0,0,L,0,27,190,47,40,17,4,1,1,0,0,1,2,3,0,1,7,2,1,0,0,12,11,1.75,0,2.625
20210620HTLG0,20210620,HT,LG,0,T,0,0,L,0,24,136,38,29,7,1,0,1,0,0,0,2,7,0,0,2,0,0,0,0,6,6,1.333333333,0,1
20210620HTLG0,20210620,LG,HT,0,B,0,0,W,0,27,121,34,32,7,0,0,0,1,1,0,0,2,0,0,6,0,0,0,0,0,0,3,0,0.545454545
20210620OBKT0,20210620,KT,OB,0,B,0,0,W,0,27,106,31,29,8,1,0,0,0,0,0,0,2,0,0,0,6,1,0,0,1,0,0.857142857,0,0.545454545
20210620OBKT0,20210620,OB,KT,0,T,0,0,L,1,24,143,34,32,9,1,0,1,1,0,0,0,2,0,0,7,1,1,0,0,4,4,1,0,0.9
20210620SKHH0,20210620,HH,SK,0,B,0,0,L,0,27,145,41,38,11,0,0,2,1,0,0,0,2,0,1,8,0,1,0,0,4,4,0.5,0,1.5
20210620SKHH0,20210620,SK,HH,0,T,0,0,W,2,27,154,34,27,3,0,0,1,2,3,0,0,7,0,0,9,0,1,0,0,3,2,0.75,0,1.333333333
20210620SSLT0,20210620,SS,LT,0,T,0,0,L,0,24,141,38,34,13,1,1,2,1,0,0,1,3,0,0,2,2,0,0,0,8,8,0.75,0,2.142857143
20210620SSLT0,20210620,LT,SS,0,B,0,0,W,1,27,173,43,38,11,2,0,1,2,1,0,0,5,0,0,6,0,0,0,0,7,6,1.5,0,2.333333333
20210620WONC0,20210620,NC,WO,0,B,0,0,L,0,27,187,45,35,9,0,0,1,2,0,0,1,8,0,1,9,0,0,0,0,8,8,2.142857143,0,2.625
20210620WONC0,20210620,WO,NC,0,T,0,0,W,0,27,140,38,34,8,1,0,0,0,0,0,0,3,0,1,9,3,0,0,1,4,2,1.090909091,0,0.3
20210622HHSS0,20210622,SS,HH,0,B,0,0,W,0,27,129,30,29,3,0,0,0,0,0,0,0,1,0,0,12,1,0,0,0,0,0,0,0,0.666666667
20210622HHSS0,20210622,HH,SS,0,T,0,0,L,0,24,160,41,37,14,1,1,2,0,1,0,1,3,0,0,2,1,1,0,0,9,9,1.153846154,0,2.666666667
20210622HTKT0,20210622,HT,KT,0,T,0,0,L,0,24,136,36,27,6,2,0,0,1,0,3,1,5,0,0,5,0,1,0,1,6,5,1.666666667,0,2.142857143
20210622HTKT0,20210622,KT,HT,0,B,0,0,W,1,27,156,35,29,5,1,1,0,0,0,1,2,3,0,0,11,0,0,0,0,3,3,0.375,0,0.6
20210622LGSK0,20210622,SK,LG,0,B,0,0,L,0,27,166,46,41,16,2,0,7,0,0,1,0,3,0,1,7,1,0,0,0,14,14,3,0,1.8
20210622LGSK0,20210622,LG,SK,0,T,0,0,W,0,27,124,33,28,3,0,0,1,0,0,0,0,4,0,1,5,3,0,0,0,1,1,0,0,1
20210622NCLT0,20210622,NC,LT,0,T,0,0,W,1,27,154,37,33,7,1,0,1,0,1,0,0,4,0,0,3,0,0,0,0,2,2,0.375,0,1.875
20210622NCLT0,20210622,LT,NC,0,B,0,0,L,0,27,161,40,31,7,2,0,2,0,0,1,0,7,1,1,12,1,4,0,0,5,5,1.363636364,0,1.2
20210622WOOB0,20210622,WO,OB,0,T,0,0,L,0,24,172,42,35,13,1,0,1,2,1,0,1,5,0,1,2,1,1,0,0,10,9,2.25,0,3
20210622WOOB0,20210622,OB,WO,0,B,0,0,W,2,27,173,40,30,7,0,0,0,1,0,0,2,6,0,2,4,2,1,0,0,3,3,1,0,1.090909091
20210623HHSS0,20210623,HH,SS,0,T,0,0,L,0,24,153,37,31,9,1,0,1,1,0,1,0,5,0,0,2,1,0,0,0,3,3,1.090909091,0,1.333333333
20210623HHSS0,20210623,SS,HH,0,B,0,0,W,2,27,143,33,32,5,0,1,0,1,1,0,0,1,0,0,8,1,0,0,0,0,0,0.6,0,1.5
20210623HTKT0,20210623,KT,HT,0,B,0,0,L,0,27,115,33,30,3,0,0,0,1,0,0,1,1,0,1,5,0,0,0,0,2,2,3,0,0.6
20210623HTKT0,20210623,HT,KT,0,T,0,0,W,1,27,147,35,33,6,0,0,0,0,0,0,0,1,0,1,13,0,1,0,0,1,1,0.75,0,1.5
20210623LGSK0,20210623,SK,LG,0,B,0,0,W,3,27,156,40,33,7,1,0,1,0,0,0,0,7,0,0,6,2,0,0,0,4,2,1.285714286,0,1.666666667
20210623LGSK0,20210623,LG,SK,0,T,0,0,L,0,24,143,37,27,6,2,0,1,0,0,2,0,4,0,4,2,0,0,0,0,7,7,2.5,0,2
20210623NCLT0,20210623,NC,LT,0,T,0,0,L,0,24,175,44,37,16,3,0,2,0,1,0,2,5,0,0,8,0,1,1,0,13,13,7.5,0,0.75
20210623NCLT0,20210623,LT,NC,0,B,0,0,W,1,27,156,42,35,9,2,0,2,1,0,1,0,4,0,2,7,1,2,0,0,7,7,1.333333333,0,2.25
20210623WOOB0,20210623,OB,WO,0,B,0,0,L,0,27,146,41,35,10,3,1,0,2,0,1,1,4,0,0,6,0,0,0,0,4,4,0.923076923,0,2.625
20210623WOOB0,20210623,WO,OB,0,T,0,0,W,0,27,157,40,35,9,1,0,0,1,0,0,0,5,0,0,4,1,0,0,0,3,3,0.666666667,0,0.75
20210624HHSS0,20210624,HH,SS,0,T,0,0,L,0,24,145,35,30,7,2,0,1,0,0,1,0,4,1,0,7,0,0,0,1,3,2,1.285714286,0,2.142857143
20210624HHSS0,20210624,SS,HH,0,B,0,0,W,2,27,148,35,32,7,2,1,0,0,0,0,0,3,0,0,7,1,1,0,0,2,2,1.285714286,0,1.666666667
20210624HTKT0,20210624,KT,HT,0,B,0,0,W,0,27,138,34,31,6,2,1,0,0,0,0,1,2,0,0,9,1,1,0,0,3,3,1.5,0,1.333333333
20210624HTKT0,20210624,HT,KT,0,T,0,0,L,2,24,152,42,33,8,1,0,1,2,0,0,0,8,1,1,3,1,0,0,0,6,5,1.5,0,6
20210624LGSK0,20210624,SK,LG,0,B,0,0,W,0,27,133,38,34,9,1,0,2,1,0,1,0,3,0,0,6,0,0,0,0,5,5,1,0,6
20210624LGSK0,20210624,LG,SK,0,T,0,0,L,1,24,147,38,31,11,2,0,1,0,1,0,1,5,0,1,5,2,0,0,0,8,8,2.25,0,0.818181818
20210624NCLT0,20210624,LT,NC,0,B,0,0,L,0,27,152,38,33,9,1,0,1,0,1,0,2,1,0,2,7,0,1,0,0,6,6,1.285714286,0,1.125
20210624NCLT0,20210624,NC,LT,0,T,0,0,W,2,27,146,39,34,8,2,0,0,0,0,0,0,4,0,1,6,2,1,0,0,4,4,1.8,0,1
20210624WOOB0,20210624,WO,OB,0,T,0,0,W,0,33,166,46,38,7,1,0,0,1,0,2,0,6,2,0,12,0,0,0,1,1,1,0.818181818,0,2
20210624WOOB0,20210624,OB,WO,0,B,0,0,L,0,33,190,42,38,7,1,0,1,0,1,1,0,3,0,0,12,0,1,0,0,2,2,0.428571429,0,1.5
20210625HTWO0,20210625,HT,WO,0,T,0,0,L,0,24,187,48,38,16,2,1,2,1,0,0,1,8,0,1,1,1,0,0,0,14,14,3.272727273,0,1.363636364
20210625HTWO0,20210625,WO,HT,0,B,0,0,W,1,27,163,40,34,8,3,0,1,1,0,0,0,6,0,0,7,1,0,0,0,5,4,3,0,1.5
20210625KTHH0,20210625,HH,KT,0,B,1,0,L,0,15,97,22,17,4,1,1,0,1,0,0,0,5,0,0,5,0,0,0,0,2,2,1.5,0,2
20210625KTHH0,20210625,KT,HH,0,T,1,0,W,0,15,73,19,18,2,0,1,0,0,0,0,0,1,0,0,7,0,0,0,0,0,0,0,0,1.5
20210625LTOB0,20210625,OB,LT,0,B,0,0,L,0,27,170,45,39,14,6,0,1,0,0,0,1,4,0,1,9,1,1,0,0,9,9,1.8,0,3.428571429
20210625LTOB0,20210625,LT,OB,0,T,0,0,W,0,27,155,35,32,5,0,0,0,0,0,0,0,3,0,0,8,0,0,0,0,1,0,0,0,0.6
20210625SKNC0,20210625,SK,NC,0,T,0,0,L,1,25,152,45,39,17,2,1,1,0,0,0,0,6,1,0,4,3,0,0,0,11,11,4,0,3.857142857
20210625SKNC0,20210625,NC,SK,0,B,0,0,W,0,27,186,47,39,12,5,0,2,0,0,0,1,7,0,0,5,0,1,0,0,10,9,1.909090909,0,1.090909091
20210626HTWO0,20210626,HT,WO,0,T,0,0,L,0,24,146,39,35,12,0,0,1,0,0,0,0,4,0,0,10,1,0,0,0,6,6,1.714285714,0,0.818181818
20210626HTWO0,20210626,WO,HT,0,B,0,0,W,0,27,136,35,33,5,0,0,0,1,0,0,0,2,0,0,6,0,0,0,0,1,1,0.5,0,0.3
20210626KTHH0,20210626,HH,KT,0,B,0,0,L,0,27,175,42,36,10,0,0,4,1,0,0,0,6,0,0,5,1,0,0,0,11,11,15,0,2
20210626KTHH0,20210626,KT,HH,0,T,0,0,W,0,27,155,34,31,5,1,0,0,0,0,0,0,3,0,0,11,0,0,0,0,2,2,1,0,0.272727273
20210626LGSS1,20210626,LG,SS,1,T,0,0,W,0,27,170,40,38,14,0,0,3,1,1,0,0,2,0,0,6,2,0,0,0,5,5,1,0,1.090909091
20210626LGSS1,20210626,SS,LG,1,B,0,0,L,0,27,217,46,36,11,4,0,2,1,0,1,1,8,0,0,4,2,0,0,0,10,7,1.071428571,0,2
20210626LGSS2,20210626,LG,SS,2,T,0,0,L,0,24,161,40,33,8,1,0,2,0,0,0,1,6,0,0,5,1,1,0,0,10,8,1.875,0,0.5
20210626LGSS2,20210626,SS,LG,2,B,0,0,W,3,27,199,46,35,10,0,0,1,0,1,0,1,9,0,1,8,0,0,0,0,7,7,1.636363636,0,3.428571429
20210626LTOB0,20210626,OB,LT,0,B,0,0,L,0,27,140,37,36,11,0,0,1,1,0,0,0,1,0,0,8,1,0,0,0,4,4,3,0,1.5
20210626LTOB0,20210626,LT,OB,0,T,0,0,W,0,27,140,34,29,5,2,0,0,0,1,1,0,4,0,0,7,1,0,0,0,3,2,1,0,3
20210626SKNC0,20210626,NC,SK,0,B,0,0,D,2,36,218,54,47,15,2,0,2,1,1,1,0,6,0,0,11,1,2,0,0,10,10,2.333333333,0,2.7
20210626SKNC0,20210626,SK,NC,0,T,0,0,D,1,36,239,57,49,16,2,0,3,4,0,1,0,7,2,0,12,1,1,0,0,10,10,1.666666667,0,1
20210627HTWO0,20210627,HT,WO,0,T,0,0,L,0,25,150,38,30,6,2,0,2,0,0,1,0,7,0,0,8,0,0,0,0,5,5,4,0,0.6
20210627HTWO0,20210627,WO,HT,0,B,0,0,W,2,27,167,36,32,5,0,0,0,0,0,0,0,3,0,1,11,0,1,0,0,4,4,1.5,0,0.6
20210627KTHH0,20210627,HH,KT,0,B,0,0,L,0,27,169,44,35,11,3,0,2,1,0,1,0,8,1,0,8,1,0,0,0,11,7,4.2,0,3.428571429
20210627KTHH0,20210627,KT,HH,0,T,0,0,W,0,27,144,37,35,8,1,0,0,0,0,0,0,2,0,0,11,1,1,0,0,1,0,0.6,0,0.9
20210627LGSS0,20210627,SS,LG,0,B,0,0,L,0,27,165,45,42,16,2,1,3,0,0,1,0,2,0,0,7,0,0,0,0,9,9,2,0,1.090909091
20210627LGSS0,20210627,LG,SS,0,T,0,0,W,1,27,137,40,38,12,1,1,0,4,0,1,0,1,0,0,7,2,1,0,0,5,4,1.25,0,0.545454545
20210627SKNC0,20210627,SK,NC,0,T,0,0,L,0,25,120,33,32,7,3,0,1,0,0,0,0,1,1,0,4,0,1,0,0,4,4,2.25,0,1.5
20210627SKNC0,20210627,NC,SK,0,B,0,0,W,0,27,181,40,32,7,2,0,0,1,0,0,0,8,0,0,6,1,1,0,1,3,3,1.8,0,1.5
20210629LTWO0,20210629,LT,WO,0,T,0,0,W,1,27,173,43,33,9,3,0,0,1,0,0,1,8,0,1,8,2,0,0,0,5,5,1.363636364,0,3
20210629LTWO0,20210629,WO,LT,0,B,0,0,L,0,27,176,48,42,17,1,0,2,0,0,0,1,4,0,1,6,2,0,0,0,13,11,3,0,3.428571429
20210629NCHT0,20210629,HT,NC,0,B,0,0,L,0,27,172,39,35,10,1,0,3,1,1,0,0,4,0,0,12,0,1,1,0,7,7,2.4,0,1.2
20210629NCHT0,20210629,NC,HT,0,T,0,0,W,0,27,145,38,35,8,1,0,2,0,0,0,0,3,0,0,6,0,0,0,0,3,3,0,0,0.6
20210629SSSK0,20210629,SK,SS,0,B,0,0,W,1,27,150,40,35,10,1,0,1,2,0,0,1,3,1,1,4,1,0,0,0,3,3,1.5,0,2.25
20210629SSSK0,20210629,SS,SK,0,T,0,0,L,0,24,132,39,36,14,2,0,4,0,0,0,0,3,0,0,4,1,1,0,0,10,10,1.363636364,0,2.625
20210630KTLG0,20210630,LG,KT,0,B,0,0,L,0,27,130,32,28,6,0,0,0,0,1,1,1,1,0,1,7,0,0,0,0,4,4,1,0,0.545454545
20210630KTLG0,20210630,KT,LG,0,T,0,0,W,2,27,111,30,29,5,0,0,1,0,1,0,0,1,0,0,2,1,0,0,0,3,3,0,0,1.125
20210630LTWO0,20210630,WO,LT,0,B,0,0,W,0,27,151,37,34,7,2,0,1,0,1,0,0,3,0,0,9,0,1,0,0,5,1,0.666666667,0,1.125
20210630LTWO0,20210630,LT,WO,0,T,0,0,L,0,24,169,40,33,10,2,0,0,0,0,1,1,5,0,0,5,0,0,0,0,6,6,3.375,0,2.25
20210630OBHH0,20210630,HH,OB,0,B,0,0,L,0,27,173,42,34,9,1,0,1,0,0,1,0,7,0,0,6,0,0,0,0,8,8,3.6,0,1.8
20210630OBHH0,20210630,OB,HH,0,T,0,0,W,0,27,179,44,35,13,1,0,2,0,1,2,0,6,0,1,6,2,0,0,0,6,6,1.615384615,0,1.636363636
20210630SSSK1,20210630,SS,SK,1,T,0,0,D,0,27,137,35,31,6,0,0,1,1,0,0,0,4,0,0,4,4,0,0,0,3,3,2,0,1.5
20210630SSSK1,20210630,SK,SS,1,B,0,0,D,0,27,164,38,34,8,1,0,0,0,0,1,1,1,0,1,5,0,0,0,0,3,2,0.75,0,0
20210630SSSK2,20210630,SK,SS,2,B,0,0,W,1,27,130,37,35,8,1,0,2,1,0,0,0,2,1,0,7,0,0,0,0,4,4,1.5,0,1
20210630SSSK2,20210630,SS,SK,2,T,0,0,L,0,24,152,41,35,12,4,0,2,0,1,0,0,5,0,1,4,0,0,0,0,8,8,2,0,2.25
20210701KTLG0,20210701,KT,LG,0,T,0,0,W,0,27,142,36,34,7,1,0,0,0,0,0,0,2,0,0,7,0,0,0,0,1,1,0.75,0,0.272727273
20210701KTLG0,20210701,LG,KT,0,B,0,0,L,0,27,130,39,34,8,0,0,1,0,0,1,0,4,1,0,6,1,0,0,1,6,3,2.4,0,3
20210701LTWO0,20210701,WO,LT,0,B,0,0,W,0,27,108,31,29,3,1,0,0,0,0,0,1,1,0,0,9,0,0,0,0,1,1,0,0,1.125
20210701LTWO0,20210701,LT,WO,0,T,0,0,L,0,24,186,45,35,12,5,0,0,2,1,0,0,10,0,0,2,0,0,0,0,13,13,2.75,0,2
20210701NCHT0,20210701,HT,NC,0,B,0,0,W,2,27,176,42,36,9,1,0,1,0,0,0,1,4,0,1,8,0,0,0,0,3,2,0.666666667,0,0.75
20210701NCHT0,20210701,NC,HT,0,T,0,0,L,0,24,145,38,32,11,1,0,1,2,0,0,1,5,0,0,5,0,0,0,0,6,6,0.545454545,0,2.142857143
20210701OBHH0,20210701,HH,OB,0,B,0,0,L,0,27,157,45,39,13,3,1,2,0,0,0,1,4,0,1,6,1,2,0,0,10,8,1.8,0,0.75
20210701OBHH0,20210701,OB,HH,0,T,0,0,W,0,27,126,35,33,8,2,0,0,0,0,0,1,1,0,0,13,1,0,0,0,3,3,1.5,0,1.333333333
20210701SSSK0,20210701,SK,SS,0,B,0,0,L,0,30,186,47,39,12,0,0,2,2,1,0,1,6,0,1,6,1,0,0,0,8,8,1.636363636,0,1.363636364
20210701SSSK0,20210701,SS,SK,0,T,0,0,W,0,30,169,46,40,12,4,0,0,1,0,1,0,4,1,1,7,1,0,0,0,7,6,1.8,0,1.090909091
20210702HHLG0,20210702,LG,HH,0,B,0,0,L,0,27,152,40,34,11,2,0,0,1,0,1,2,1,0,2,10,0,0,0,0,5,5,1.5,0,1.875
20210702HHLG0,20210702,HH,LG,0,T,0,0,W,0,27,143,35,32,7,2,0,0,1,0,0,0,3,0,0,6,3,0,0,0,3,2,1.5,0,1
20210702LTSK0,20210702,SK,LT,0,B,0,0,L,0,30,148,45,42,15,1,0,0,0,0,0,1,1,0,1,5,2,0,0,0,6,6,1.666666667,0,1.8
20210702LTSK0,20210702,LT,SK,0,T,0,0,W,0,30,181,46,37,7,2,0,2,0,0,0,0,8,0,1,9,0,0,0,0,5,5,1.5,0,2.25
20210702OBHT0,20210702,OB,HT,0,T,0,0,L,0,24,143,37,34,11,3,0,2,1,0,0,0,3,1,0,2,1,0,0,0,8,8,2.25,0,1.5
20210702OBHT0,20210702,HT,OB,0,B,0,0,W,2,27,141,38,35,9,3,0,0,1,0,0,1,2,0,0,8,1,1,0,0,3,3,0.857142857,0,1.333333333
20210702SSNC0,20210702,SS,NC,0,T,0,0,W,0,27,137,36,29,6,0,0,1,0,1,1,1,3,0,2,3,1,0,0,0,2,2,0.5,0,2.142857143
20210702SSNC0,20210702,NC,SS,0,B,0,0,L,0,27,182,47,37,9,1,0,1,5,0,1,0,7,0,2,6,0,1,0,0,5,5,1.2,0,2.625
20210702WOKT0,20210702,KT,WO,0,B,0,0,W,1,27,128,37,33,6,0,0,0,0,0,0,0,4,0,0,7,0,1,0,0,1,1,0.857142857,0,1.5
20210702WOKT0,20210702,WO,KT,0,T,0,0,L,0,24,128,30,26,5,0,0,0,0,1,2,0,2,1,0,5,1,2,0,0,4,4,2.25,0,1.285714286
20210704HHLG0,20210704,HH,LG,0,T,0,0,L,0,24,121,35,33,10,0,0,1,0,0,0,0,2,0,0,5,0,0,0,0,5,5,2.25,0,1.333333333
20210704HHLG0,20210704,LG,HH,0,B,0,0,W,0,27,122,30,28,4,1,0,0,0,0,0,0,1,0,1,4,2,0,0,0,0,0,0,0,0.666666667
20210704LTSK0,20210704,LT,SK,0,T,0,0,W,0,27,159,43,37,9,1,0,1,1,0,1,0,4,0,1,9,0,4,0,0,4,3,1,0,1.5
20210704LTSK0,20210704,SK,LT,0,B,0,0,L,1,27,170,43,34,9,2,0,0,0,0,1,1,7,0,0,6,1,0,0,0,6,4,3,0,2.625
20210704OBHT0,20210704,OB,HT,0,T,0,0,L,0,24,147,38,32,11,1,1,2,1,0,0,1,5,0,0,3,2,1,0,0,7,7,1.875,0,2.142857143
20210704OBHT0,20210704,HT,OB,0,B,0,0,W,0,27,128,36,31,7,2,0,1,0,0,0,0,5,0,0,3,2,0,0,0,3,3,0.666666667,0,1.666666667
20210704SSNC0,20210704,SS,NC,0,T,0,0,W,0,15,100,19,15,1,0,0,0,0,0,0,0,4,0,0,6,1,1,0,0,0,0,0,0,0
20210704SSNC0,20210704,NC,SS,0,B,0,0,L,0,15,109,27,25,11,1,0,0,0,0,1,0,1,0,0,2,1,1,0,0,5,4,1.333333333,0,2.4
20210704WOKT0,20210704,WO,KT,0,T,0,0,L,0,24,189,43,37,12,3,0,1,0,0,0,1,4,0,1,9,0,0,0,1,12,7,2.333333333,0,1.090909091
20210704WOKT0,20210704,KT,WO,0,B,0,0,W,1,27,188,40,34,7,0,0,1,0,0,0,0,6,0,0,11,0,1,0,0,3,3,0.666666667,0,3
20210705HHLG0,20210705,LG,HH,0,B,0,0,W,0,27,160,39,30,7,0,0,0,0,0,2,1,5,0,1,4,1,0,0,0,6,6,2.142857143,0,1.333333333
20210705HHLG0,20210705,HH,LG,0,T,0,0,L,1,26,203,46,30,7,1,0,0,0,0,0,2,13,0,1,3,1,0,0,0,7,7,2.25,0,2
20210705LTSK0,20210705,SK,LT,0,B,0,0,W,0,27,157,43,34,9,1,0,1,2,0,0,1,7,0,1,6,0,0,0,0,4,4,1.090909091,0,1.363636364
20210705LTSK0,20210705,LT,SK,0,T,0,0,L,0,24,171,40,33,11,3,0,3,0,0,0,0,6,0,1,3,2,0,0,0,10,10,2.142857143,0,3
20210705WOKT0,20210705,WO,KT,0,T,0,0,W,0,27,149,41,35,10,3,0,1,0,0,1,0,4,0,1,5,1,0,0,0,5,5,1.5,0,1.090909091
20210705WOKT0,20210705,KT,WO,0,B,0,0,L,0,27,179,46,43,15,1,0,4,1,0,0,0,2,0,1,3,0,0,0,0,15,13,6,0,4.5
20210706NCOB0,20210706,NC,OB,0,T,0,0,W,0,27,167,43,38,12,2,0,1,0,0,0,0,5,0,0,4,2,0,0,0,3,3,0.545454545,0,2.333333333
20210706NCOB0,20210706,OB,NC,0,B,0,0,L,0,27,155,41,34,11,0,1,3,1,1,0,1,4,0,2,5,2,0,0,0,7,6,0.75,0,3.428571429
20210706SKWO0,20210706,WO,SK,0,B,0,0,W,0,27,148,34,31,5,0,0,0,0,2,0,0,3,0,0,9,0,1,0,0,0,0,0,0,0.545454545
20210706SKWO0,20210706,SK,WO,0,T,0,0,L,0,24,145,35,29,7,1,0,0,0,0,1,0,4,0,1,14,0,0,0,0,4,4,2,0,1.5
20210707HTHH0,20210707,HH,HT,0,B,0,0,L,0,33,173,44,38,7,3,0,0,0,1,0,0,5,0,1,9,0,0,0,0,4,4,2.4,0,2.25
20210707HTHH0,20210707,HT,HH,0,T,0,0,W,0,33,165,43,35,6,0,0,0,0,3,1,0,6,0,1,10,0,1,0,1,1,1,1.5,0,1.090909091
20210707NCOB0,20210707,OB,NC,0,B,0,0,W,0,27,124,35,35,8,0,0,0,0,0,0,0,0,0,0,12,0,0,0,0,2,2,2,0,1.5
20210707NCOB0,20210707,NC,OB,0,T,0,0,L,0,24,175,41,31,8,2,0,0,1,0,0,0,9,0,1,8,0,0,0,0,4,4,1.909090909,0,3.428571429
20210707SKWO0,20210707,SK,WO,0,T,0,0,L,0,24,145,40,35,10,3,0,0,2,0,0,0,4,1,1,7,0,1,0,0,8,7,1.636363636,0,2.571428571
20210707SKWO0,20210707,WO,SK,0,B,0,0,W,0,27,127,34,32,6,2,0,0,1,0,0,0,1,0,1,7,1,1,0,0,2,2,0.6,0,1.5
20210708KTSS0,20210708,KT,SS,0,T,0,0,W,1,27,133,32,31,7,2,0,1,1,0,0,0,1,0,0,8,2,0,0,0,2,2,1.5,0,1
20210708KTSS0,20210708,SS,KT,0,B,0,0,L,0,27,157,37,32,8,2,0,2,0,0,1,0,4,0,0,9,0,0,0,0,3,3,1.125,0,2.571428571
20210708SKWO0,20210708,SK,WO,0,T,0,0,W,0,27,171,41,33,7,2,0,0,1,0,0,0,7,0,1,9,1,0,0,0,3,3,1.25,0,1.8
20210708SKWO0,20210708,WO,SK,0,B,0,0,L,1,27,166,44,35,13,2,0,1,0,0,1,2,5,1,1,5,2,1,0,0,9,9,2.181818182,0,1.8
20210709HHSK0,20210709,SK,HH,0,B,0,0,L,0,27,183,47,39,12,2,0,3,0,0,1,0,5,0,2,11,0,2,0,0,9,9,2.625,0,1.666666667
20210709HHSK0,20210709,HH,SK,0,T,0,0,W,0,27,170,37,29,4,1,0,0,0,0,0,1,7,0,0,6,2,0,0,0,3,1,2,0,1.125
20210709KTHT0,20210709,KT,HT,0,T,0,0,L,0,24,159,41,36,15,3,0,0,0,0,0,2,2,0,1,6,1,0,0,0,10,9,1.909090909,0,1.8
20210709KTHT0,20210709,HT,KT,0,B,0,0,W,0,27,142,36,34,10,1,0,1,0,0,0,1,1,0,0,7,2,0,0,0,4,4,1,0,1.875
20210709LTSS0,20210709,SS,LT,0,B,0,0,L,0,33,194,53,45,16,2,0,2,0,0,1,0,6,0,1,3,2,0,1,0,9,9,1.615384615,0,1.5
20210709LTSS0,20210709,LT,SS,0,T,0,0,W,2,33,206,49,41,9,2,0,1,0,1,0,0,6,1,2,10,0,2,0,0,5,5,2.571428571,0,0.2
20210710HHSK0,20210710,HH,SK,0,T,0,0,W,2,27,150,33,28,2,0,0,1,1,0,0,0,5,0,0,12,0,0,0,0,1,1,0.6,0,0.545454545
20210710HHSK0,20210710,SK,HH,0,B,0,0,L,0,27,161,38,27,4,0,0,0,1,2,0,1,10,0,0,5,0,0,0,0,3,3,4,0,0.9
20210710LTSS0,20210710,LT,SS,0,T,0,0,L,0,24,123,33,32,8,1,0,2,0,0,0,1,0,0,0,4,0,1,0,0,3,3,0,0,1.714285714
20210710LTSS0,20210710,SS,LT,0,B,0,0,W,3,27,134,33,33,7,1,0,0,1,0,0,0,0,0,0,7,1,1,0,0,2,2,1.2,0,0.9
20210711HHSK0,20210711,SK,HH,0,B,0,0,W,0,27,139,31,30,4,0,0,1,0,0,0,0,1,0,0,8,1,0,0,0,2,2,0,0,0.666666667
20210711HHSK0,20210711,HH,SK,0,T,0,0,L,0,24,169,41,33,13,1,0,1,0,1,1,0,4,0,3,5,2,0,0,0,8,8,1.363636364,0,1.5
20210711KTHT0,20210711,HT,KT,0,B,0,0,W,1,27,147,34,29,2,0,0,0,1,1,0,0,5,0,0,5,0,0,0,1,0,0,0.6,0,0.25
20210711KTHT0,20210711,KT,HT,0,T,0,0,L,0,24,134,31,29,4,1,0,1,1,0,0,0,2,0,0,14,0,1,0,0,2,2,1.5,0,0.333333333
20210711LTSS0,20210711,LT,SS,0,T,0,0,L,0,24,149,41,37,14,3,0,3,0,0,2,1,1,0,0,5,0,1,0,1,11,9,2.142857143,0,1.666666667
20210711LTSS0,20210711,SS,LT,0,B,0,0,W,0,27,124,34,31,6,0,0,0,0,1,0,0,3,0,0,6,1,1,0,0,0,0,0.375,0,0.9
