G_ID,GDAY_DS,T_ID,VS_T_ID,HEADER_NO,TB_SC,PA,AB,RBI,RUN,HIT,H2,H3,HR,SB,CS,SH,SF,BB,IB,HP,KK,GD,ERR,LOB,P_HRA_RT,P_AB_CN,P_HIT_CN
20210403SSWO0,20210403,WO,SS,0,B,36,32,5,6,8,4,0,0,0,0,0,0,4,1,0,8,0,0,6,0.222222222,9,2
20210403SSWO0,20210403,SS,WO,0,T,32,31,1,1,6,0,0,0,0,0,0,0,1,0,0,3,1,1,4,0.25,4,1
20210404HHKT0,20210404,HH,KT,0,T,38,31,2,2,6,0,0,0,1,0,2,0,5,0,0,10,0,0,9,0.2,10,2
20210404HHKT0,20210404,KT,HH,0,B,35,31,3,3,6,1,0,1,3,0,0,1,3,0,0,6,0,0,6,0.25,4,1
20210404HTOB0,20210404,HT,OB,0,T,37,34,1,1,9,0,1,0,0,0,0,0,3,0,0,6,3,0,9,0.166666667,6,1
20210404HTOB0,20210404,OB,HT,0,B,33,30,4,4,8,1,0,1,1,0,1,0,2,0,0,3,1,1,5,0.4,5,2
20210404LGNC0,20210404,LG,NC,0,T,40,35,2,2,8,1,0,0,1,1,0,0,5,0,0,9,0,0,11,0.176470588,17,3
20210404LGNC0,20210404,NC,LG,0,B,35,30,1,1,6,1,0,1,0,1,0,0,4,0,1,10,2,2,7,0,5,0
20210404LTSK0,20210404,LT,SK,0,T,38,37,3,3,12,1,0,2,0,1,0,0,1,0,0,5,1,0,8,0.333333333,6,2
20210404LTSK0,20210404,SK,LT,0,B,34,31,5,5,9,1,0,4,2,0,0,0,3,0,0,8,2,0,5,0.166666667,6,1
20210404SSWO0,20210404,SS,WO,0,T,42,35,2,4,8,2,0,0,2,0,0,1,5,0,1,9,0,0,11,0.066666667,15,1
20210404SSWO0,20210404,WO,SS,0,B,40,32,7,7,11,1,0,2,1,0,0,0,6,0,2,6,1,1,9,0.375,8,3
20210406HHSK0,20210406,HH,SK,0,T,31,28,1,1,2,0,0,1,1,0,0,0,2,0,1,8,0,0,3,0,2,0
20210406HHSK0,20210406,SK,HH,0,B,31,28,2,2,5,1,0,1,1,0,0,0,3,0,0,12,0,1,5,0.333333333,3,1
20210406HTWO0,20210406,HT,WO,0,T,49,44,5,5,13,2,0,1,1,0,1,1,2,0,1,10,0,0,11,0.230769231,13,3
20210406HTWO0,20210406,WO,HT,0,B,41,38,4,4,5,1,1,0,2,0,0,0,2,0,1,13,0,1,4,0.428571429,7,3
20210406LGKT0,20210406,LG,KT,0,T,32,30,2,3,4,2,0,0,0,0,1,0,1,0,0,6,1,0,2,0,6,0
20210406LGKT0,20210406,KT,LG,0,B,33,29,2,2,4,1,0,0,0,0,0,0,4,0,0,10,2,1,4,0.25,4,1
20210406LTNC0,20210406,LT,NC,0,T,48,43,10,10,15,2,0,3,0,1,0,0,4,1,1,10,0,0,11,0.285714286,14,4
20210406LTNC0,20210406,NC,LT,0,B,38,32,5,5,8,2,0,1,1,0,0,2,1,0,3,7,1,3,6,0.142857143,7,1
20210406SSOB0,20210406,OB,SS,0,B,36,30,6,6,8,0,0,2,1,2,0,1,5,0,0,5,0,0,6,0.166666667,6,1
20210406SSOB0,20210406,SS,OB,0,T,35,34,3,3,9,0,0,0,0,1,0,0,1,0,0,7,1,1,5,0.285714286,7,2
20210407HHSK0,20210407,HH,SK,0,T,55,44,16,17,18,7,0,0,0,1,0,1,10,0,0,11,0,0,11,0.458333333,24,11
20210407HHSK0,20210407,SK,HH,0,B,37,30,0,0,4,1,0,0,0,0,0,0,6,0,1,6,1,1,10,0,5,0
20210407HTWO0,20210407,HT,WO,0,T,59,49,8,8,15,3,0,0,1,0,2,0,7,1,1,5,0,2,15,0.272727273,22,6
20210407HTWO0,20210407,WO,HT,0,B,52,45,4,7,8,2,0,0,1,0,0,0,5,0,2,10,1,1,9,0.125,16,2
20210407LGKT0,20210407,LG,KT,0,T,41,32,3,3,6,1,0,0,2,0,0,0,7,2,2,5,1,0,11,0.2,10,2
20210407LGKT0,20210407,KT,LG,0,B,40,35,6,7,13,0,0,0,3,0,0,0,5,0,0,1,2,1,9,0.384615385,13,5
20210407LTNC0,20210407,LT,NC,0,T,43,34,6,6,9,2,0,0,0,1,1,0,8,0,0,8,0,0,10,0.307692308,13,4
20210407LTNC0,20210407,NC,LT,0,B,41,33,10,10,9,2,0,3,0,0,0,0,6,0,2,8,0,2,7,0.5,6,3
20210407SSOB0,20210407,OB,SS,0,B,33,30,1,1,7,0,0,0,0,0,0,0,3,0,0,5,1,0,8,0,8,0
20210407SSOB0,20210407,SS,OB,0,T,38,33,0,0,9,2,0,0,0,0,1,0,3,1,1,6,1,0,11,0.090909091,11,1
20210408HHSK0,20210408,SK,HH,0,B,37,31,5,6,8,1,0,2,1,0,0,1,4,1,1,7,0,1,7,0.166666667,6,1
20210408HHSK0,20210408,HH,SK,0,T,36,30,3,4,4,1,0,0,0,0,0,0,6,1,0,11,1,1,5,0,5,0
20210408HTWO0,20210408,WO,HT,0,B,38,27,3,3,4,1,0,1,0,1,2,1,7,0,1,5,0,0,8,0,5,0
20210408HTWO0,20210408,HT,WO,0,T,39,31,5,5,7,1,0,0,1,0,0,1,6,0,1,7,1,0,7,0.5,8,4
20210408LGKT0,20210408,KT,LG,0,B,39,34,3,3,8,0,1,1,1,0,0,0,4,0,1,8,2,1,9,0.166666667,6,1
20210408LGKT0,20210408,LG,KT,0,T,41,36,7,7,10,2,0,1,2,0,1,0,3,0,1,3,1,1,7,0.307692308,13,4
20210408LTNC0,20210408,NC,LT,0,B,42,29,4,4,6,0,0,1,0,1,1,0,7,0,5,9,2,1,11,0.181818182,11,2
20210408LTNC0,20210408,LT,NC,0,T,48,38,8,8,13,2,0,0,0,1,0,0,9,0,1,5,1,1,13,0.4,15,6
20210408SSOB0,20210408,SS,OB,0,T,39,35,5,6,9,1,1,2,2,0,0,0,4,0,0,5,2,0,6,0.428571429,7,3
20210408SSOB0,20210408,OB,SS,0,B,36,32,1,1,5,0,0,0,0,0,0,0,4,0,0,5,0,1,8,0.333333333,6,2
20210409KTSS0,20210409,SS,KT,0,B,37,33,7,7,10,2,0,0,1,0,1,0,3,0,0,12,0,2,6,0.5,10,5
20210409KTSS0,20210409,KT,SS,0,T,42,38,3,5,11,1,1,0,0,0,0,0,4,0,0,7,1,0,10,0.166666667,12,2
20210409NCHT0,20210409,HT,NC,0,B,42,40,6,6,13,3,0,0,0,0,0,0,2,0,0,10,0,0,9,0.333333333,15,5
20210409NCHT0,20210409,NC,HT,0,T,47,39,10,10,14,3,1,1,1,0,1,0,5,0,2,5,1,1,10,0.538461538,13,7
20210409OBHH0,20210409,OB,HH,0,T,33,33,0,0,7,3,0,0,1,0,0,0,0,0,0,8,0,2,6,0,9,0
20210409OBHH0,20210409,HH,OB,0,B,38,37,7,7,14,2,0,2,1,0,0,0,1,0,0,5,2,0,7,0.3,10,3
20210409SKLG0,20210409,LG,SK,0,B,47,34,9,9,13,2,0,0,0,1,0,3,8,0,2,4,0,1,14,0.230769231,13,3
20210409SKLG0,20210409,SK,LG,0,T,42,30,5,5,5,0,0,1,0,0,0,2,6,0,4,4,1,1,10,0,10,0
20210409WOLT0,20210409,WO,LT,0,T,42,36,7,7,10,5,0,0,1,0,0,0,6,0,0,12,1,1,8,0.4,15,6
20210409WOLT0,20210409,LT,WO,0,B,36,32,2,2,6,0,0,0,0,0,0,0,4,0,0,9,2,0,7,0.4,5,2
20210410KTSS0,20210410,SS,KT,0,B,36,31,7,7,9,2,0,2,1,1,0,0,5,0,0,7,1,1,5,0.333333333,9,3
20210410KTSS0,20210410,KT,SS,0,T,39,35,6,6,8,2,0,2,2,1,0,0,4,0,0,5,0,0,6,0.375,8,3
20210410NCHT0,20210410,HT,NC,0,B,35,31,2,2,5,0,0,0,0,0,0,0,3,0,1,6,1,0,6,0.2,5,1
20210410NCHT0,20210410,NC,HT,0,T,43,38,9,9,12,3,0,2,0,0,0,0,3,0,2,8,1,0,7,0.444444444,9,4
20210410OBHH0,20210410,OB,HH,0,T,59,46,16,18,19,6,0,2,0,1,0,1,11,0,1,8,0,0,14,0.36,25,9
20210410OBHH0,20210410,HH,OB,0,B,34,31,1,1,5,0,0,0,0,1,0,0,1,0,2,9,0,3,6,0.2,5,1
20210410SKLG0,20210410,SK,LG,0,T,40,35,4,4,11,2,0,0,2,0,1,1,1,0,2,6,0,0,9,0.3,10,3
20210410SKLG0,20210410,LG,SK,0,B,40,33,3,3,9,2,0,2,2,0,0,0,6,1,1,9,1,0,10,0.25,8,2
20210410WOLT0,20210410,LT,WO,0,B,44,39,13,13,17,6,0,2,0,0,0,0,5,0,0,7,1,0,7,0.444444444,18,8
20210410WOLT0,20210410,WO,LT,0,T,36,33,0,0,6,3,0,0,1,0,0,0,3,0,0,12,0,0,9,0.090909091,11,1
20210411KTSS0,20210411,SS,KT,0,B,37,31,4,4,9,2,0,2,0,0,0,1,5,0,0,8,1,0,9,0,8,0
20210411KTSS0,20210411,KT,SS,0,T,39,32,2,2,7,0,0,1,0,1,0,1,6,0,0,7,0,0,10,0.222222222,9,2
20210411NCHT0,20210411,NC,HT,0,T,41,36,7,7,12,3,0,2,0,1,2,0,3,0,0,4,0,0,7,0.272727273,11,3
20210411NCHT0,20210411,HT,NC,0,B,37,36,3,3,10,1,2,0,1,0,0,0,1,0,0,7,1,0,7,0.090909091,11,1
20210411OBHH0,20210411,HH,OB,0,B,39,32,3,3,10,2,0,0,0,0,1,0,6,1,0,9,0,1,12,0.125,16,2
20210411OBHH0,20210411,OB,HH,0,T,35,33,2,2,6,2,0,0,1,0,0,0,2,0,0,10,1,0,6,0.25,4,1
20210411SKLG0,20210411,LG,SK,0,B,29,26,1,1,3,1,0,0,2,0,1,0,2,0,0,8,0,0,4,0.166666667,6,1
20210411SKLG0,20210411,SK,LG,0,T,30,29,0,0,3,0,0,0,0,1,0,0,1,0,0,9,0,1,3,0,0,0
20210411WOLT0,20210411,WO,LT,0,T,47,39,3,3,6,2,0,0,2,0,0,0,7,1,1,10,0,1,11,0.153846154,13,2
20210411WOLT0,20210411,LT,WO,0,B,52,40,2,2,11,1,0,0,0,1,2,0,9,1,1,11,1,1,17,0.142857143,14,2
20210413HHSS0,20210413,HH,SS,0,T,37,35,3,3,8,2,0,0,0,0,0,0,2,0,0,12,0,0,7,0.25,12,3
20210413HHSS0,20210413,SS,HH,0,B,37,26,4,4,5,0,0,0,0,0,0,1,9,0,1,6,1,0,9,0.111111111,9,1
20210413KTOB0,20210413,KT,OB,0,T,44,36,8,8,14,1,0,1,1,0,1,1,6,0,0,4,3,0,9,0.384615385,13,5
20210413KTOB0,20210413,OB,KT,0,B,40,38,6,7,12,0,1,0,0,0,0,0,2,0,0,9,1,0,6,0.454545455,11,5
20210413LGWO0,20210413,LG,WO,0,T,35,32,2,2,6,0,0,1,1,0,0,0,2,0,1,2,1,0,6,0,3,0
20210413LGWO0,20210413,WO,LG,0,B,41,33,8,8,13,3,0,0,1,0,1,1,6,0,0,4,2,0,9,0.411764706,17,7
20210413LTHT0,20210413,LT,HT,0,T,50,38,8,8,12,2,0,0,0,0,0,1,10,0,1,8,1,1,15,0.333333333,15,5
20210413LTHT0,20210413,HT,LT,0,B,32,30,0,0,2,0,0,0,0,0,0,0,2,0,0,10,0,0,5,0,3,0
20210413NCSK0,20210413,SK,NC,0,B,35,31,2,2,4,0,0,1,1,1,0,0,4,0,0,7,0,2,6,0,4,0
20210413NCSK0,20210413,NC,SK,0,T,40,36,4,4,7,0,0,2,2,0,0,0,3,0,1,11,0,2,9,0.2,10,2
20210414HHSS0,20210414,HH,SS,0,T,40,37,4,6,11,2,0,0,2,0,0,0,2,0,1,9,1,0,7,0.3,10,3
20210414HHSS0,20210414,SS,HH,0,B,32,29,2,2,4,1,0,0,2,0,0,1,1,0,1,5,1,0,3,0,7,0
20210414KTOB0,20210414,OB,KT,0,B,34,28,3,3,6,2,0,0,1,0,1,0,5,0,0,11,1,0,7,0.333333333,6,2
20210414KTOB0,20210414,KT,OB,0,T,34,32,1,1,7,2,0,0,1,1,0,0,2,0,0,7,1,1,6,0,8,0
20210414LGWO0,20210414,WO,LG,0,B,31,27,1,2,3,1,0,0,0,0,0,1,3,0,0,6,2,1,2,0,2,0
20210414LGWO0,20210414,LG,WO,0,T,49,42,12,13,14,3,0,4,0,0,0,0,6,0,1,8,0,0,9,0.454545455,11,5
20210414LTHT0,20210414,HT,LT,0,B,44,35,2,3,5,0,0,0,3,1,1,1,6,0,1,6,2,1,6,0.25,8,2
20210414LTHT0,20210414,LT,HT,0,T,51,44,2,2,10,1,0,0,0,0,2,0,5,0,0,5,1,0,13,0.2,10,2
20210414NCSK0,20210414,NC,SK,0,T,32,29,3,3,2,2,0,0,0,0,0,0,1,0,2,8,0,0,2,0.5,4,2
20210414NCSK0,20210414,SK,NC,0,B,34,30,0,0,5,1,0,0,1,1,0,0,3,0,1,8,0,0,7,0,3,0
20210415HHSS0,20210415,SS,HH,0,B,35,28,4,4,4,0,0,1,3,0,0,0,7,0,0,3,0,0,7,0.285714286,7,2
20210415HHSS0,20210415,HH,SS,0,T,28,27,0,0,2,0,0,0,0,0,0,0,1,0,0,11,2,1,1,0,0,0
20210415KTOB0,20210415,OB,KT,0,B,37,34,3,3,6,0,0,0,0,0,0,0,3,0,0,5,1,2,7,0.4,5,2
20210415KTOB0,20210415,KT,OB,0,T,47,38,7,8,17,2,1,0,0,2,3,0,6,2,0,7,1,2,12,0.357142857,14,5
20210415LGWO0,20210415,LG,WO,0,T,37,35,6,6,8,2,0,2,1,0,0,0,2,0,0,10,0,0,4,0.285714286,7,2
20210415LGWO0,20210415,WO,LG,0,B,37,36,3,4,10,5,0,0,0,0,0,0,0,0,1,6,1,0,6,0.363636364,11,4
20210415LTHT0,20210415,HT,LT,0,B,45,36,10,10,13,5,0,0,1,0,0,0,9,1,0,4,1,0,11,0.571428571,14,8
20210415LTHT0,20210415,LT,HT,0,T,43,35,5,5,9,2,0,0,3,0,0,1,7,0,0,11,0,0,11,0.25,16,4
20210415NCSK0,20210415,NC,SK,0,T,37,32,3,3,5,1,0,1,0,0,0,0,5,0,0,9,0,1,7,0,5,0
20210415NCSK0,20210415,SK,NC,0,B,37,36,8,9,13,3,0,2,1,0,0,1,0,0,0,6,1,0,4,0.375,8,3
20210416HHNC0,20210416,NC,HH,0,B,43,35,9,9,11,0,0,2,1,0,1,0,7,1,0,5,0,0,10,0.142857143,14,2
20210416HHNC0,20210416,HH,NC,0,T,36,33,1,1,7,2,0,0,0,1,0,0,3,0,0,10,0,1,8,0,5,0
20210416HTSK0,20210416,HT,SK,0,T,46,41,10,11,16,3,0,0,0,0,0,1,4,1,0,8,0,0,8,0.444444444,18,8
20210416HTSK0,20210416,SK,HT,0,B,47,37,6,6,11,2,0,1,0,0,0,0,9,0,1,8,1,1,14,0.125,16,2
20210416OBLG0,20210416,OB,LG,0,T,39,32,0,0,6,1,0,0,0,0,0,0,5,0,2,5,2,0,12,0,8,0
20210416OBLG0,20210416,LG,OB,0,B,33,27,1,1,7,0,0,0,1,0,1,0,5,0,0,3,2,1,8,0.125,8,1
20210416SSLT0,20210416,LT,SS,0,B,39,33,8,9,10,3,0,1,0,1,0,0,6,0,0,8,0,2,6,0.428571429,7,3
20210416SSLT0,20210416,SS,LT,0,T,42,34,3,3,11,3,0,0,1,0,2,1,4,0,1,7,1,1,12,0.076923077,13,1
20210416WOKT0,20210416,KT,WO,0,B,37,31,8,8,8,3,0,0,0,0,0,1,5,0,0,6,0,0,5,0.375,8,3
20210416WOKT0,20210416,WO,KT,0,T,38,36,4,4,10,2,0,1,1,0,0,0,2,0,0,7,1,0,7,0.25,8,2
20210417HHNC0,20210417,HH,NC,0,T,35,33,3,4,6,2,0,1,1,0,0,0,2,0,0,8,0,1,4,0.25,8,2
20210417HHNC0,20210417,NC,HH,0,B,49,37,13,14,14,2,2,4,2,0,0,1,9,0,2,12,0,0,11,0.384615385,13,5
20210417HTSK0,20210417,HT,SK,0,T,43,36,3,3,7,1,0,0,1,0,1,0,6,0,0,6,0,0,10,0.25,12,3
20210417HTSK0,20210417,SK,HT,0,B,44,40,4,4,12,3,0,2,1,0,1,0,2,0,1,8,0,2,11,0.181818182,11,2
20210417OBLG0,20210417,LG,OB,0,B,34,30,1,1,4,0,0,1,0,0,0,0,4,0,0,7,1,0,6,0,4,0
20210417OBLG0,20210417,OB,LG,0,T,38,35,3,3,10,0,1,0,1,1,0,0,3,0,0,11,1,0,8,0.2,10,2
20210417SSLT0,20210417,SS,LT,0,T,52,42,12,12,17,4,1,1,3,0,0,2,8,0,0,5,1,1,13,0.333333333,18,6
20210417SSLT0,20210417,LT,SS,0,B,34,30,0,0,4,1,0,0,0,0,0,0,4,0,0,8,2,1,7,0,7,0
20210417WOKT0,20210417,KT,WO,0,B,42,32,8,8,10,4,0,0,0,1,0,0,8,0,2,11,1,1,10,0.3,10,3
20210417WOKT0,20210417,WO,KT,0,T,40,33,3,5,9,0,1,0,1,0,0,0,6,0,1,8,2,1,8,0.272727273,11,3
20210418HHNC0,20210418,NC,HH,0,B,39,32,3,3,5,0,0,2,0,1,0,0,5,0,2,8,0,0,9,0,4,0
20210418HHNC0,20210418,HH,NC,0,T,42,36,11,11,11,3,0,4,0,0,0,0,6,0,0,7,1,0,4,0.375,8,3
20210418HTSK0,20210418,SK,HT,0,B,35,27,4,4,5,1,0,2,0,0,0,1,6,0,1,7,1,1,7,0,4,0
20210418HTSK0,20210418,HT,SK,0,T,41,30,2,2,4,1,0,0,0,0,0,1,9,1,1,6,0,0,12,0.111111111,9,1
20210418OBLG0,20210418,LG,OB,0,B,41,36,1,1,8,3,0,1,0,0,0,0,5,0,0,9,0,2,13,0,16,0
20210418OBLG0,20210418,OB,LG,0,T,47,41,9,9,16,1,0,0,1,0,1,0,5,0,0,12,1,1,11,0.428571429,21,9
20210418SSLT0,20210418,SS,LT,0,T,38,33,5,7,9,1,0,2,0,1,0,1,4,0,0,1,1,0,4,0.428571429,7,3
20210418SSLT0,20210418,LT,SS,0,B,33,31,0,0,4,3,0,0,0,0,0,0,1,0,1,11,0,0,6,0,5,0
20210418WOKT0,20210418,WO,KT,0,T,35,34,2,2,7,1,0,1,0,1,0,0,1,0,0,8,0,3,6,0,6,0
20210418WOKT0,20210418,KT,WO,0,B,46,39,6,10,14,2,0,0,1,0,0,1,5,0,1,3,1,2,12,0.333333333,15,5
20210420HTLG0,20210420,LG,HT,0,B,38,29,3,3,9,0,0,1,0,0,0,1,7,0,1,3,4,1,8,0.3,10,3
20210420HTLG0,20210420,HT,LG,0,T,46,37,6,6,9,1,0,2,2,0,1,0,7,0,1,10,0,0,13,0.166666667,12,2
20210420KTNC0,20210420,KT,NC,0,T,44,35,5,5,10,3,0,0,2,0,0,0,8,0,1,8,1,0,12,0.25,12,3
20210420KTNC0,20210420,NC,KT,0,B,37,32,2,2,5,2,0,1,0,0,0,0,5,0,0,8,0,1,8,0,6,0
20210420OBLT0,20210420,LT,OB,0,B,42,34,10,10,10,2,0,3,0,0,0,0,8,0,0,3,1,1,8,0.3,10,3
20210420OBLT0,20210420,OB,LT,0,T,41,38,5,5,11,1,0,3,0,0,0,0,2,0,1,9,0,1,9,0.272727273,11,3
20210420SKSS0,20210420,SS,SK,0,B,43,40,6,7,12,3,0,3,2,0,0,0,3,0,0,8,0,1,9,0.230769231,13,3
20210420SKSS0,20210420,SK,SS,0,T,44,39,10,10,12,1,0,3,0,0,0,1,3,0,1,13,0,2,7,0.8,5,4
20210420WOHH0,20210420,WO,HH,0,T,38,35,1,3,7,2,0,1,1,0,0,0,3,0,0,11,0,1,8,0,10,0
20210420WOHH0,20210420,HH,WO,0,B,35,31,6,7,8,2,0,0,1,0,1,0,3,0,0,6,2,1,4,0.5,10,5
20210421HTLG0,20210421,LG,HT,0,B,35,29,7,7,4,1,0,2,0,0,0,0,6,0,0,7,0,1,4,0.428571429,7,3
20210421HTLG0,20210421,HT,LG,0,T,41,36,3,3,10,0,1,0,1,1,0,0,4,0,1,6,1,0,11,0.181818182,11,2
20210421KTNC0,20210421,NC,KT,0,B,35,30,4,4,9,2,0,0,1,1,1,1,3,0,0,4,1,0,7,0.285714286,14,4
20210421KTNC0,20210421,KT,NC,0,T,41,35,3,3,8,0,0,1,0,0,0,0,6,0,0,5,0,1,11,0.111111111,9,1
20210421OBLT0,20210421,LT,OB,0,B,45,35,10,10,13,2,0,2,1,0,1,0,8,2,1,5,1,0,11,0.285714286,14,4
20210421OBLT0,20210421,OB,LT,0,T,41,38,9,9,12,1,0,4,0,0,0,0,3,0,0,10,0,0,5,0.333333333,6,2
20210421SKSS0,20210421,SK,SS,0,T,43,37,3,4,11,1,0,0,0,0,0,0,6,0,0,6,0,4,12,0.2,15,3
20210421SKSS0,20210421,SS,SK,0,B,51,35,13,14,15,1,0,3,1,0,1,4,11,0,0,4,0,0,13,0.416666667,12,5
20210421WOHH0,20210421,WO,HH,0,T,42,31,3,3,7,0,1,0,0,0,1,1,8,0,1,10,0,0,12,0.25,8,2
20210421WOHH0,20210421,HH,WO,0,B,36,31,3,4,13,2,0,0,0,2,0,0,5,1,0,6,1,1,8,0.5,8,4
20210422HTLG0,20210422,HT,LG,0,T,45,33,3,3,5,1,0,1,2,0,1,0,10,1,1,7,1,0,12,0.083333333,12,1
20210422HTLG0,20210422,LG,HT,0,B,44,35,2,2,7,0,1,1,3,1,0,1,8,0,0,6,0,0,12,0,6,0
20210422KTNC0,20210422,NC,KT,0,B,40,36,5,5,9,0,0,3,0,0,0,0,4,0,0,6,1,1,8,0,2,0
20210422KTNC0,20210422,KT,NC,0,T,44,39,10,11,13,1,0,1,0,0,1,1,3,0,0,8,0,1,6,0.555555556,9,5
20210422OBLT0,20210422,LT,OB,0,B,34,31,1,1,5,1,0,0,0,0,0,0,3,0,0,9,2,4,6,0.166666667,6,1
20210422OBLT0,20210422,OB,LT,0,T,49,43,11,13,18,2,0,0,0,0,0,2,4,0,0,2,2,1,9,0.529411765,17,9
20210422SKSS0,20210422,SS,SK,0,B,42,37,4,6,11,3,0,0,0,1,1,0,4,1,0,8,0,3,9,0.133333333,15,2
20210422SKSS0,20210422,SK,SS,0,T,42,37,10,11,7,1,0,1,2,0,0,0,5,0,0,13,0,1,4,0.416666667,12,5
20210422WOHH0,20210422,HH,WO,0,B,39,34,3,3,7,0,0,1,0,0,0,0,5,0,0,2,1,0,9,0.1,10,1
20210422WOHH0,20210422,WO,HH,0,T,44,37,6,8,11,1,0,1,2,0,0,1,6,0,0,3,0,2,9,0.181818182,11,2
20210423LGHH0,20210423,LG,HH,0,T,41,34,2,2,9,1,0,1,1,0,0,0,6,0,1,6,2,1,12,0.1,10,1
20210423LGHH0,20210423,HH,LG,0,B,36,31,1,1,4,1,0,0,0,0,0,0,5,0,0,15,1,1,8,0.25,4,1
20210423LTKT0,20210423,LT,KT,0,T,39,35,10,10,11,1,0,3,0,0,0,0,4,0,0,3,3,1,2,0.5,6,3
20210423LTKT0,20210423,KT,LT,0,B,45,39,5,5,12,3,1,0,2,0,0,0,5,0,1,7,0,0,13,0.176470588,17,3
20210423NCOB0,20210423,OB,NC,0,B,38,32,5,5,11,4,0,1,0,2,1,0,5,0,0,6,0,0,9,0.266666667,15,4
20210423NCOB0,20210423,NC,OB,0,T,36,32,1,1,5,0,0,1,0,0,0,0,2,0,2,5,0,1,8,0,5,0
20210423SKWO0,20210423,WO,SK,0,B,40,37,5,5,10,3,0,0,2,0,0,0,2,0,1,5,0,1,8,0.272727273,11,3
20210423SKWO0,20210423,SK,WO,0,T,45,36,7,9,11,2,0,0,2,0,0,1,5,0,3,3,1,1,9,0.454545455,11,5
20210423SSHT0,20210423,SS,HT,0,T,33,31,1,1,5,0,0,0,0,0,0,0,2,0,0,12,1,2,5,0.5,2,1
20210423SSHT0,20210423,HT,SS,0,B,34,31,4,4,9,1,0,0,0,1,1,1,1,0,0,5,1,0,6,0.272727273,11,3
20210424LGHH0,20210424,LG,HH,0,T,44,36,4,5,10,2,0,0,0,0,0,0,7,0,1,5,1,2,12,0.25,12,3
20210424LGHH0,20210424,HH,LG,0,B,52,40,18,19,18,6,1,2,2,0,1,1,10,0,0,7,1,0,9,0.454545455,22,10
20210424LTKT0,20210424,LT,KT,0,T,41,39,4,4,15,3,0,0,1,1,0,0,2,1,0,4,2,0,10,0.333333333,15,5
20210424LTKT0,20210424,KT,LT,0,B,35,34,2,2,7,1,0,1,1,0,0,0,1,0,0,4,0,1,6,0.25,4,1
20210424NCOB0,20210424,NC,OB,0,T,43,39,5,6,12,2,0,0,0,0,0,0,4,0,0,11,0,1,10,0.3,10,3
20210424NCOB0,20210424,OB,NC,0,B,43,38,8,9,14,0,0,2,0,0,0,1,4,0,0,2,0,1,10,0.214285714,14,3
20210424SKWO0,20210424,WO,SK,0,B,42,38,4,4,10,2,0,1,1,1,0,0,4,0,0,10,1,0,8,0.363636364,11,4
20210424SKWO0,20210424,SK,WO,0,T,41,38,5,5,11,0,0,2,2,2,0,0,2,0,1,5,1,0,6,0.166666667,6,1
20210424SSHT0,20210424,HT,SS,0,B,39,32,4,4,9,2,1,0,0,0,1,1,4,0,1,8,2,0,8,0.3,10,3
20210424SSHT0,20210424,SS,HT,0,T,45,38,8,8,13,1,1,2,2,1,0,1,5,0,1,2,0,0,10,0.307692308,13,4
20210425LGHH0,20210425,HH,LG,0,B,28,26,0,0,1,0,0,0,0,0,0,0,2,0,0,12,2,0,1,0,2,0
20210425LGHH0,20210425,LG,HH,0,T,39,34,8,8,9,2,0,1,1,0,0,1,4,0,0,8,0,0,4,0.3,10,3
20210425LTKT0,20210425,LT,KT,0,T,42,36,5,5,8,0,0,1,0,0,0,0,6,0,0,8,1,0,10,0.181818182,11,2
20210425LTKT0,20210425,KT,LT,0,B,46,33,5,6,10,1,0,1,3,2,0,1,12,1,0,8,0,1,14,0.25,12,3
20210425NCOB0,20210425,OB,NC,0,B,36,33,0,0,5,0,0,0,0,0,0,0,2,0,1,4,0,0,9,0,3,0
20210425NCOB0,20210425,NC,OB,0,T,47,41,10,10,15,5,0,1,0,0,0,1,3,0,2,0,0,1,10,0.428571429,14,6
20210425SKWO0,20210425,WO,SK,0,B,36,32,3,4,9,1,1,0,0,0,0,0,4,0,0,5,1,1,8,0.222222222,9,2
20210425SKWO0,20210425,SK,WO,0,T,38,34,3,3,6,1,0,1,0,0,0,0,4,0,0,9,0,0,8,0,7,0
20210425SSHT0,20210425,HT,SS,0,B,39,35,2,2,10,0,0,0,0,0,0,0,4,0,0,7,1,0,10,0.222222222,9,2
20210425SSHT0,20210425,SS,HT,0,T,41,34,2,3,9,2,0,0,1,0,1,0,6,1,0,6,1,0,11,0.166666667,12,2
20210427HHHT0,20210427,HT,HH,0,B,34,32,4,4,6,2,0,0,0,0,0,0,2,0,0,7,0,0,6,0.3,10,3
20210427HHHT0,20210427,HH,HT,0,T,38,32,3,3,6,0,0,0,2,0,0,0,5,0,1,6,1,1,8,0.4,5,2
20210427KTSK0,20210427,KT,SK,0,T,54,42,14,14,18,2,1,1,2,0,1,0,10,0,1,8,1,1,13,0.444444444,18,8
20210427KTSK0,20210427,SK,KT,0,B,37,36,5,5,8,1,0,1,0,0,0,0,1,0,0,10,0,1,5,0.5,6,3
20210427LTLG0,20210427,LT,LG,0,T,37,31,0,0,4,2,0,0,2,0,0,0,6,0,0,10,0,0,10,0,9,0
20210427LTLG0,20210427,LG,LT,0,B,34,30,4,4,8,2,1,2,0,1,0,1,3,0,0,5,0,0,6,0.142857143,7,1
20210427NCSS0,20210427,NC,SS,0,T,36,34,0,0,6,1,0,0,0,0,0,0,2,0,0,8,0,0,9,0,11,0
20210427NCSS0,20210427,SS,NC,0,B,38,36,9,9,14,1,0,3,0,0,0,0,2,0,0,5,2,1,5,0.333333333,12,4
20210427OBWO0,20210427,OB,WO,0,T,46,37,4,4,12,2,0,0,0,0,1,0,6,1,2,4,1,0,15,0.166666667,12,2
20210427OBWO0,20210427,WO,OB,0,B,35,29,5,5,10,2,1,0,0,1,1,1,3,0,1,3,2,0,6,0.333333333,9,3
20210428HHHT0,20210428,HH,HT,0,T,30,29,0,0,3,1,0,0,0,0,0,0,1,0,0,16,1,2,3,0,1,0
20210428HHHT0,20210428,HT,HH,0,B,33,27,4,4,5,2,0,0,1,0,0,1,5,0,0,2,0,0,5,0.111111111,9,1
20210428KTSK0,20210428,KT,SK,0,T,36,32,2,2,6,0,0,1,1,0,0,0,4,1,0,13,1,1,7,0,2,0
20210428KTSK0,20210428,SK,KT,0,B,38,30,4,4,7,2,0,0,0,0,1,0,7,0,0,3,0,0,10,0.222222222,9,2
20210428LTLG0,20210428,LT,LG,0,T,36,34,3,3,7,2,0,1,1,0,0,0,2,0,0,6,0,1,6,0.2,5,1
20210428LTLG0,20210428,LG,LT,0,B,31,29,0,0,2,1,0,0,0,1,0,0,2,0,0,14,0,0,4,0,4,0
20210428NCSS0,20210428,NC,SS,0,T,40,34,3,3,7,1,0,2,1,0,0,0,3,0,3,14,0,2,10,0,7,0
20210428NCSS0,20210428,SS,NC,0,B,39,35,4,4,11,1,0,0,0,1,0,0,4,0,0,8,0,0,11,0.307692308,13,4
20210428OBWO0,20210428,WO,OB,0,B,51,43,5,5,13,2,0,0,0,0,0,1,6,2,1,7,0,0,15,0.307692308,13,4
20210428OBWO0,20210428,OB,WO,0,T,49,42,4,4,11,2,0,1,1,0,0,0,7,1,0,9,2,0,12,0.2,15,3
20210429HHHT0,20210429,HT,HH,0,B,45,34,3,3,5,1,0,0,0,1,2,0,8,1,1,10,0,2,11,0.166666667,6,1
20210429HHHT0,20210429,HH,HT,0,T,44,34,1,2,3,0,0,0,2,1,0,1,8,0,1,9,1,1,9,0,8,0
20210429KTSK0,20210429,SK,KT,0,B,36,32,1,1,5,0,0,0,1,0,0,0,4,0,0,8,0,0,8,0.2,5,1
20210429KTSK0,20210429,KT,SK,0,T,40,30,6,6,8,1,0,0,2,1,1,0,7,1,2,10,2,0,7,0.222222222,9,2
20210429LTLG0,20210429,LG,LT,0,B,31,27,3,3,6,3,0,0,0,1,1,0,3,0,0,3,1,2,4,0.222222222,9,2
20210429LTLG0,20210429,LT,LG,0,T,38,35,1,2,9,1,0,0,2,1,0,0,3,0,0,8,1,0,9,0.2,10,2
20210429NCSS0,20210429,NC,SS,0,T,47,42,9,9,19,1,1,2,0,1,0,0,5,0,0,6,2,0,11,0.388888889,18,7
20210429NCSS0,20210429,SS,NC,0,B,30,29,0,0,3,0,0,0,0,0,0,0,1,0,0,10,1,0,3,0,1,0
20210429OBWO0,20210429,OB,WO,0,T,51,36,15,15,13,0,0,1,0,0,0,1,12,0,2,7,3,0,9,0.416666667,12,5
20210429OBWO0,20210429,WO,OB,0,B,34,33,4,4,7,2,0,2,0,0,0,0,1,0,0,8,1,0,3,0.4,5,2
20210430HHLT0,20210430,LT,HH,0,B,44,38,6,7,12,4,1,0,0,0,0,0,4,0,2,9,1,0,10,0.4,10,4
20210430HHLT0,20210430,HH,LT,0,T,51,41,11,11,15,3,2,0,3,0,1,0,7,1,2,10,0,0,13,0.409090909,22,9
20210430HTKT0,20210430,HT,KT,0,T,36,33,3,3,8,1,0,1,0,0,0,0,2,0,1,10,1,2,6,0.5,2,1
20210430HTKT0,20210430,KT,HT,0,B,45,36,12,15,16,3,0,2,1,1,1,0,8,0,0,7,2,0,6,0.470588235,17,8
20210430LGSS0,20210430,SS,LG,0,B,39,31,4,4,7,1,0,2,1,0,0,0,6,1,2,8,0,0,11,0,9,0
20210430LGSS0,20210430,LG,SS,0,T,34,33,0,0,6,3,0,0,0,0,0,0,1,0,0,6,0,0,7,0,9,0
20210430SKOB0,20210430,SK,OB,0,T,38,34,3,4,8,1,0,0,0,2,0,0,4,0,0,11,0,0,7,0.428571429,7,3
20210430SKOB0,20210430,OB,SK,0,B,44,38,9,9,13,2,1,2,0,0,0,0,5,0,1,7,0,1,11,0.333333333,15,5
20210430WONC0,20210430,NC,WO,0,B,35,33,3,3,9,0,0,1,1,0,0,0,2,0,0,7,0,1,5,0.666666667,3,2
20210430WONC0,20210430,WO,NC,0,T,38,32,4,4,7,1,0,0,2,1,0,1,5,0,0,10,1,0,7,0.3,10,3
20210501HHLT0,20210501,LT,HH,0,B,32,29,3,3,5,3,0,0,0,1,0,1,2,0,0,5,1,2,2,0.25,4,1
20210501HHLT0,20210501,HH,LT,0,T,49,39,11,11,14,2,0,1,1,0,1,1,8,1,0,7,0,0,11,0.388888889,18,7
20210501HTKT0,20210501,HT,KT,0,T,34,29,0,0,5,1,0,0,0,1,1,0,4,0,0,7,1,1,7,0,6,0
20210501HTKT0,20210501,KT,HT,0,B,37,32,3,3,8,0,0,0,0,0,1,0,4,0,0,12,0,0,10,0.375,8,3
20210501LGSS0,20210501,SS,LG,0,B,35,30,8,8,9,0,0,3,2,0,0,0,4,0,1,7,2,1,3,0.428571429,7,3
20210501LGSS0,20210501,LG,SS,0,T,42,36,2,2,10,1,0,0,1,0,0,0,6,0,0,7,2,0,13,0.111111111,9,1
20210501SKOB0,20210501,OB,SK,0,B,45,41,2,2,7,1,0,0,0,0,0,0,3,0,1,9,2,3,7,0.25,8,2
20210501SKOB0,20210501,SK,OB,0,T,55,45,5,5,10,2,0,3,0,1,1,0,7,0,2,15,0,1,14,0.1,10,1
20210501WONC0,20210501,NC,WO,0,B,45,39,8,9,11,1,0,5,0,0,0,1,5,0,0,3,0,2,9,0.142857143,7,1
20210501WONC0,20210501,WO,NC,0,T,52,38,12,13,12,1,1,1,3,0,0,2,12,0,0,11,0,2,12,0.333333333,12,4
20210502HHLT0,20210502,HH,LT,0,T,40,34,5,5,10,1,0,0,0,2,1,0,5,0,0,13,0,0,8,0.333333333,9,3
20210502HHLT0,20210502,LT,HH,0,B,37,32,4,4,6,1,0,2,1,1,0,0,5,0,0,11,0,1,6,0.142857143,7,1
20210502HTKT0,20210502,HT,KT,0,T,40,36,2,2,9,1,1,0,0,0,0,0,3,0,1,6,0,0,11,0.25,8,2
20210502HTKT0,20210502,KT,HT,0,B,43,34,9,9,13,4,0,0,0,0,1,1,6,0,1,3,0,0,10,0.538461538,13,7
20210502LGSS0,20210502,LG,SS,0,T,38,36,4,4,10,2,0,1,0,0,0,0,2,0,0,5,1,1,7,0.25,8,2
20210502LGSS0,20210502,SS,LG,0,B,35,30,5,6,7,1,0,1,1,0,1,1,2,0,1,6,0,0,5,0.166666667,6,1
20210502SKOB0,20210502,OB,SK,0,B,35,29,8,8,9,0,0,3,0,1,0,0,6,0,0,6,2,3,3,0.666666667,3,2
20210502SKOB0,20210502,SK,OB,0,T,46,41,3,5,15,0,0,0,1,0,1,1,3,0,0,3,1,0,14,0.266666667,15,4
20210502WONC0,20210502,WO,NC,0,T,38,32,0,0,6,1,0,0,0,0,0,0,6,0,0,7,1,2,11,0,7,0
20210502WONC0,20210502,NC,WO,0,B,37,34,5,5,10,0,0,4,1,0,0,0,3,0,0,5,2,0,8,0.142857143,7,1
20210505HTLT0,20210505,HT,LT,0,T,42,40,7,8,15,1,1,0,0,1,0,0,2,0,0,5,1,0,7,0.625,8,5
20210505HTLT0,20210505,LT,HT,0,B,40,38,5,5,12,1,0,1,2,0,0,0,2,0,0,8,1,1,8,0.230769231,13,3
20210505KTWO0,20210505,WO,KT,0,B,46,41,13,14,18,2,2,3,0,0,0,1,4,0,0,7,0,0,8,0.461538462,13,6
20210505KTWO0,20210505,KT,WO,0,T,32,31,0,0,4,1,0,0,0,0,0,0,1,0,0,15,0,1,5,0,3,0
20210505LGOB0,20210505,LG,OB,0,T,44,38,7,7,14,4,0,1,1,0,1,1,4,0,0,4,1,1,10,0.4,10,4
20210505LGOB0,20210505,OB,LG,0,B,41,34,3,4,9,2,0,0,0,0,0,1,6,0,0,8,1,0,10,0.333333333,12,4
20210505SKNC0,20210505,NC,SK,0,B,48,40,12,12,13,3,0,4,0,0,1,0,6,0,1,11,1,2,9,0.333333333,15,5
20210505SKNC0,20210505,SK,NC,0,T,51,40,12,13,14,5,0,3,0,0,1,0,9,1,1,9,2,2,11,0.3125,16,5
20210505SSHH0,20210505,SS,HH,0,T,39,35,4,4,9,3,0,0,0,1,0,0,4,0,0,9,0,1,8,0.363636364,11,4
20210505SSHH0,20210505,HH,SS,0,B,36,29,0,1,4,1,0,0,0,0,2,0,5,0,0,13,0,1,8,0,7,0
20210506HTLT0,20210506,HT,LT,0,T,46,38,9,9,11,2,1,2,1,0,0,0,6,0,2,7,2,1,10,0.363636364,11,4
20210506HTLT0,20210506,LT,HT,0,B,48,40,14,17,16,3,0,2,3,0,0,1,7,0,0,7,0,2,7,0.5,16,8
20210506KTWO0,20210506,KT,WO,0,T,39,34,4,4,8,2,0,0,0,0,1,0,4,0,0,5,0,2,8,0.230769231,13,3
20210506KTWO0,20210506,WO,KT,0,B,37,31,6,6,8,2,0,0,1,0,0,1,3,0,2,4,2,0,7,0.307692308,13,4
20210506LGOB0,20210506,LG,OB,0,T,44,32,7,7,8,3,0,1,0,0,1,1,9,0,1,7,1,0,10,0.230769231,13,3
20210506LGOB0,20210506,OB,LG,0,B,36,32,2,2,7,1,0,1,0,0,0,0,3,0,1,9,2,0,7,0.125,8,1
20210506SKNC0,20210506,NC,SK,0,B,42,35,7,7,10,1,0,1,2,1,0,0,5,0,2,7,1,1,11,0.3,10,3
20210506SKNC0,20210506,SK,NC,0,T,38,33,1,1,7,1,0,1,1,0,0,0,5,0,0,7,2,3,10,0,9,0
20210506SSHH0,20210506,SS,HH,0,T,45,38,5,5,10,3,1,1,0,0,0,1,6,1,0,4,0,1,10,0.25,8,2
20210506SSHH0,20210506,HH,SS,0,B,44,38,5,6,10,3,0,0,0,0,1,0,5,0,0,9,0,0,9,0.545454545,11,6
20210507LTSS0,20210507,SS,LT,0,B,35,30,4,4,8,2,0,1,0,0,1,0,4,1,0,5,1,0,7,0.2,10,2
20210507LTSS0,20210507,LT,SS,0,T,32,32,1,1,6,1,0,0,0,0,0,0,0,0,0,3,0,0,4,0.333333333,3,1
20210508HHLG0,20210508,HH,LG,0,T,36,36,2,2,9,2,0,0,0,2,0,0,0,0,0,6,0,2,7,0,7,0
20210508HHLG0,20210508,LG,HH,0,B,42,36,11,11,11,3,0,2,2,0,0,0,6,0,0,4,0,1,7,0.4,10,4
20210508LTSS0,20210508,LT,SS,0,T,47,41,9,9,16,3,0,1,3,0,0,1,5,0,0,10,2,1,11,0.235294118,17,4
20210508LTSS0,20210508,SS,LT,0,B,44,40,8,8,15,4,1,2,0,1,1,0,3,0,0,4,1,1,9,0.428571429,14,6
20210508NCKT0,20210508,KT,NC,0,B,41,32,4,4,8,3,0,1,1,2,0,0,9,0,0,8,1,1,10,0.111111111,9,1
20210508NCKT0,20210508,NC,KT,0,T,42,33,5,5,9,2,0,1,1,1,2,0,7,0,0,6,1,0,10,0.266666667,15,4
20210508OBHT0,20210508,HT,OB,0,B,39,33,5,5,7,1,0,2,0,0,1,0,3,0,2,6,0,1,7,0.181818182,11,2
20210508OBHT0,20210508,OB,HT,0,T,50,45,11,11,20,2,0,2,1,1,0,0,5,0,0,5,2,0,12,0.4375,16,7
20210508WOSK0,20210508,WO,SK,0,T,43,39,9,9,14,4,0,2,1,1,0,0,4,0,0,9,1,1,7,0.416666667,12,5
20210508WOSK0,20210508,SK,WO,0,B,36,34,2,2,8,1,0,1,0,0,0,0,2,0,0,6,2,0,7,0,5,0
20210509HHLG1,20210509,LG,HH,1,B,43,36,10,11,13,3,0,3,0,0,0,0,4,0,3,3,2,0,8,0.090909091,11,1
20210509HHLG1,20210509,HH,LG,1,T,34,29,1,1,5,1,0,0,0,0,1,0,4,0,0,10,2,0,6,0.166666667,6,1
20210509HHLG2,20210509,HH,LG,2,T,41,34,5,5,9,4,0,0,1,1,0,1,4,0,2,8,0,1,9,0.25,12,3
20210509HHLG2,20210509,LG,HH,2,B,43,37,3,4,11,2,0,0,1,0,0,0,5,0,1,4,1,1,12,0.230769231,13,3
20210509LTSS0,20210509,LT,SS,0,T,43,35,6,6,10,0,0,3,3,0,1,1,6,0,0,8,0,1,10,0.222222222,9,2
20210509LTSS0,20210509,SS,LT,0,B,37,33,7,8,11,4,0,1,2,0,0,0,4,0,0,5,2,0,5,0.272727273,11,3
20210509NCKT1,20210509,NC,KT,1,T,56,45,16,16,20,2,0,2,3,0,1,2,7,0,1,6,0,1,13,0.523809524,21,11
20210509NCKT1,20210509,KT,NC,1,B,42,37,11,11,13,2,0,3,0,0,0,0,4,0,1,6,4,1,4,0.5,8,4
20210509NCKT2,20210509,KT,NC,2,B,43,31,8,9,10,4,0,1,1,0,1,1,10,0,0,8,0,3,10,0.307692308,13,4
20210509NCKT2,20210509,NC,KT,2,T,39,38,3,5,10,2,0,0,0,0,0,0,1,0,0,6,1,0,7,0.272727273,11,3
20210509OBHT1,20210509,HT,OB,1,B,40,32,3,3,7,1,0,0,0,0,1,0,7,0,0,6,1,0,10,0.3,10,3
20210509OBHT1,20210509,OB,HT,1,T,44,36,5,5,10,2,0,0,0,0,2,0,4,0,2,3,0,0,12,0.266666667,15,4
20210509OBHT2,20210509,OB,HT,2,T,44,34,9,9,12,4,0,1,1,2,0,1,7,0,2,5,0,1,8,0.461538462,13,6
20210509OBHT2,20210509,HT,OB,2,B,38,32,0,0,7,1,0,0,0,0,1,0,4,0,1,4,1,0,11,0,7,0
20210509WOSK1,20210509,SK,WO,1,B,33,30,3,4,8,3,0,2,0,0,2,0,1,0,0,9,0,1,5,0.285714286,7,2
20210509WOSK1,20210509,WO,SK,1,T,35,29,1,1,3,2,0,0,0,0,0,0,6,0,0,8,2,2,7,0.125,8,1
20210509WOSK2,20210509,WO,SK,2,T,41,32,3,3,7,1,1,0,0,1,0,0,5,0,4,7,1,1,11,0.166666667,12,2
20210509WOSK2,20210509,SK,WO,2,B,40,32,4,4,8,1,0,1,3,0,1,0,6,0,1,10,0,0,12,0.153846154,13,2
20210511LGHT0,20210511,HT,LG,0,B,36,34,7,7,14,3,0,1,1,0,0,0,2,0,0,2,3,2,5,0.583333333,12,7
20210511LGHT0,20210511,LG,HT,0,T,39,31,1,1,6,0,0,0,0,1,0,0,7,0,1,9,2,0,11,0.142857143,7,1
20210511NCHH0,20210511,NC,HH,0,T,46,33,7,7,9,3,0,2,0,0,2,1,9,0,1,11,0,0,12,0.083333333,12,1
20210511NCHH0,20210511,HH,NC,0,B,36,32,2,2,7,0,0,0,0,0,0,1,3,0,0,7,0,0,7,0.25,4,1
20210511SKLT0,20210511,LT,SK,0,B,45,34,6,6,9,2,0,1,1,1,0,1,10,0,0,6,0,1,12,0.230769231,13,3
20210511SKLT0,20210511,SK,LT,0,T,39,34,7,7,9,1,0,4,0,0,1,0,4,0,0,9,1,1,5,0.166666667,6,1
20210511SSKT0,20210511,SS,KT,0,T,41,36,6,6,7,0,0,1,0,0,0,0,4,0,1,9,0,1,8,0.333333333,12,4
20210511SSKT0,20210511,KT,SS,0,B,40,36,9,9,13,3,0,1,1,0,0,1,3,0,0,10,0,3,7,0.454545455,11,5
20210511WOOB0,20210511,WO,OB,0,T,42,33,2,2,7,1,0,0,2,0,1,0,7,0,1,4,0,0,13,0.071428571,14,1
20210511WOOB0,20210511,OB,WO,0,B,33,27,3,3,6,0,0,1,0,0,1,0,4,1,1,3,1,0,6,0.25,4,1
20210512LGHT0,20210512,HT,LG,0,B,37,30,5,5,9,1,0,0,1,2,1,0,6,0,0,8,1,2,8,0.272727273,11,3
20210512LGHT0,20210512,LG,HT,0,T,41,33,2,3,7,0,0,0,1,0,1,0,7,0,0,9,0,1,11,0.375,8,3
20210512NCHH0,20210512,NC,HH,0,T,40,33,6,6,7,2,0,1,1,0,0,1,4,0,2,5,0,1,7,0.428571429,7,3
20210512NCHH0,20210512,HH,NC,0,B,39,31,3,3,5,1,0,1,0,0,1,0,5,0,2,8,1,0,9,0.272727273,11,3
20210512SKLT0,20210512,LT,SK,0,B,37,31,2,2,7,2,0,0,0,1,0,1,5,0,0,9,2,2,8,0.142857143,7,1
20210512SKLT0,20210512,SK,LT,0,T,47,38,9,9,12,3,0,3,5,1,0,0,8,1,1,12,0,0,11,0.333333333,12,4
20210512SSKT0,20210512,SS,KT,0,T,38,31,7,7,9,1,0,1,4,1,1,3,1,0,2,6,0,1,4,0.5,6,3
20210512SSKT0,20210512,KT,SS,0,B,39,37,5,5,10,2,0,4,0,0,0,0,1,0,1,10,1,2,7,0,5,0
20210512WOOB0,20210512,WO,OB,0,T,36,31,3,3,5,0,0,1,0,0,0,0,5,1,0,12,1,0,6,0.5,2,1
20210512WOOB0,20210512,OB,WO,0,B,32,29,0,0,5,1,0,0,0,0,1,0,2,0,0,7,2,1,5,0,5,0
20210513LGHT0,20210513,HT,LG,0,B,38,30,2,3,6,0,0,1,2,0,0,0,6,0,2,6,3,1,8,0,3,0
20210513LGHT0,20210513,LG,HT,0,T,43,37,7,8,11,2,0,2,3,0,0,1,4,0,1,4,2,1,8,0.3,10,3
20210513NCHH0,20210513,NC,HH,0,T,39,33,3,4,5,0,0,1,3,0,1,0,4,0,1,6,1,0,8,0.2,10,2
20210513NCHH0,20210513,HH,NC,0,B,42,35,2,2,10,2,0,1,1,0,1,0,4,0,2,9,1,3,13,0.090909091,11,1
20210513SKLT0,20210513,LT,SK,0,B,38,35,5,5,10,2,0,1,0,0,0,0,3,1,0,12,1,1,9,0.333333333,12,4
20210513SKLT0,20210513,SK,LT,0,T,39,31,4,4,6,1,0,2,1,1,1,0,5,0,2,8,1,2,8,0.125,8,1
20210513SSKT0,20210513,KT,SS,0,B,38,33,0,0,7,1,0,0,0,0,0,0,4,0,1,8,1,3,11,0,7,0
20210513SSKT0,20210513,SS,KT,0,T,42,34,4,4,8,1,0,0,3,0,1,2,5,0,0,8,1,0,11,0.153846154,13,2
20210513WOOB0,20210513,WO,OB,0,T,47,40,13,14,14,1,0,0,1,0,0,1,4,0,2,6,1,2,6,0.5,16,8
20210513WOOB0,20210513,OB,WO,0,B,51,40,13,13,17,4,0,1,0,1,0,2,9,0,0,5,1,2,11,0.375,16,6
20210514HHWO0,20210514,WO,HH,0,B,36,31,1,1,7,0,0,0,0,1,0,0,3,0,2,12,0,0,8,0,3,0
20210514HHWO0,20210514,HH,WO,0,T,41,33,6,6,9,1,0,0,1,0,0,2,6,0,0,8,0,0,8,0.384615385,13,5
20210514HTNC0,20210514,HT,NC,0,T,40,35,2,2,8,0,0,0,1,0,0,0,4,0,1,14,0,0,11,0.142857143,7,1
20210514HTNC0,20210514,NC,HT,0,B,38,29,5,5,9,1,0,0,0,0,2,0,6,1,1,6,1,0,9,0.454545455,11,5
20210514KTLT0,20210514,LT,KT,0,B,36,32,1,1,6,1,0,0,0,0,0,0,4,0,0,10,1,1,8,0.125,8,1
20210514KTLT0,20210514,KT,LT,0,T,48,40,7,9,15,2,0,0,1,0,1,0,7,0,0,3,1,0,12,0.318181818,22,7
20210514OBSK0,20210514,OB,SK,0,T,40,35,5,6,8,1,0,1,0,1,0,1,3,0,1,7,0,2,7,0.285714286,7,2
20210514OBSK0,20210514,SK,OB,0,B,44,35,3,3,9,2,1,0,1,0,1,0,7,0,1,7,1,1,14,0.285714286,14,4
20210514SSLG0,20210514,SS,LG,0,T,37,31,2,3,7,2,0,0,2,0,1,1,3,0,1,4,0,3,7,0.25,8,2
20210514SSLG0,20210514,LG,SS,0,B,34,32,4,4,7,2,1,0,0,0,1,0,1,0,0,7,0,1,6,0.4,10,4
20210515HHWO0,20210515,HH,WO,0,T,39,36,1,1,9,1,1,0,0,0,0,0,3,0,0,8,0,2,11,0.142857143,7,1
20210515HHWO0,20210515,WO,HH,0,B,48,38,13,15,15,6,0,0,2,0,0,1,8,0,1,5,1,1,9,0.533333333,15,8
20210515HTNC0,20210515,HT,NC,0,T,39,36,3,3,11,2,0,0,0,0,0,1,2,0,0,6,1,0,9,0.428571429,7,3
20210515HTNC0,20210515,NC,HT,0,B,39,37,7,7,13,3,0,3,1,0,0,0,2,0,0,4,1,0,8,0.230769231,13,3
20210515KTLT0,20210515,KT,LT,0,T,39,35,5,5,8,2,0,1,0,0,0,0,3,0,1,8,0,0,7,0.2,5,1
20210515KTLT0,20210515,LT,KT,0,B,44,39,4,4,15,1,0,0,2,0,1,0,4,0,0,4,1,0,13,0.333333333,12,4
20210515SSLG0,20210515,LG,SS,0,B,43,37,14,14,15,6,0,3,1,0,1,1,4,0,0,5,0,1,5,0.5,14,7
20210515SSLG0,20210515,SS,LG,0,T,37,31,3,4,4,0,0,1,0,0,0,0,6,0,0,8,1,0,6,0,6,0
20210516HHWO0,20210516,HH,WO,0,T,33,32,1,1,6,0,0,1,0,0,0,0,1,0,0,9,1,0,5,0,3,0
20210516HHWO0,20210516,WO,HH,0,B,36,32,5,5,9,1,0,2,1,0,1,0,3,1,0,6,0,0,7,0.285714286,7,2
20210517OBSK0,20210517,SK,OB,0,B,37,36,3,3,8,2,0,0,1,0,0,0,1,0,0,7,0,2,7,0.25,8,2
20210517OBSK0,20210517,OB,SK,0,T,45,34,7,8,10,1,0,2,1,1,2,0,8,0,1,4,1,1,10,0.307692308,13,4
20210517SSLG0,20210517,LG,SS,0,B,37,27,1,1,3,1,1,1,1,2,1,0,8,0,1,7,0,0,9,0,6,0
20210517SSLG0,20210517,SS,LG,0,T,35,33,3,3,6,1,0,0,0,0,0,0,2,0,0,3,0,0,5,0.5,4,2
20210518LTHH0,20210518,HH,LT,0,B,35,30,3,3,6,1,0,0,0,1,0,1,4,0,0,16,1,2,5,0.2,5,1
20210518LTHH0,20210518,LT,HH,0,T,43,36,4,4,8,2,0,2,0,0,0,0,7,0,0,5,1,0,12,0.166666667,12,2
20210518NCLG0,20210518,NC,LG,0,T,34,29,0,0,4,0,0,0,0,0,0,0,5,0,0,7,2,0,7,0,4,0
20210518NCLG0,20210518,LG,NC,0,B,33,27,1,1,4,0,0,0,0,0,0,0,5,0,1,8,0,0,8,0.2,5,1
20210518OBKT0,20210518,KT,OB,0,B,32,31,1,1,8,0,0,0,1,1,0,0,1,0,0,12,0,0,7,0.181818182,11,2
20210518OBKT0,20210518,OB,KT,0,T,35,31,0,0,5,0,0,0,0,1,0,0,4,0,0,10,0,0,8,0,6,0
20210518SKHT0,20210518,SK,HT,0,T,42,38,7,7,14,2,1,2,0,0,0,0,4,0,0,4,3,0,8,0.272727273,11,3
20210518SKHT0,20210518,HT,SK,0,B,43,36,5,5,11,2,0,0,0,0,0,1,6,0,0,2,1,1,11,0.454545455,11,5
20210518WOSS0,20210518,WO,SS,0,T,50,43,15,15,18,2,1,3,0,0,0,1,6,0,0,8,1,2,8,0.666666667,9,6
20210518WOSS0,20210518,SS,WO,0,B,39,36,3,3,8,1,0,1,0,0,0,0,2,0,1,6,0,0,9,0.090909091,11,1
20210519LTHH0,20210519,HH,LT,0,B,40,36,12,12,14,3,0,3,1,0,0,0,4,0,0,4,1,0,4,0.583333333,12,7
20210519LTHH0,20210519,LT,HH,0,T,36,32,2,2,5,2,0,0,0,0,0,0,3,0,1,6,0,0,7,0.142857143,7,1
20210519NCLG0,20210519,LG,NC,0,B,46,38,6,6,12,3,0,0,0,0,1,2,3,1,2,11,0,0,11,0.333333333,12,4
20210519NCLG0,20210519,NC,LG,0,T,44,36,5,5,8,3,0,1,0,2,0,0,6,0,2,6,0,0,9,0.285714286,7,2
20210519OBKT0,20210519,OB,KT,0,T,39,33,5,5,9,1,1,1,0,0,1,1,3,0,1,5,1,1,7,0.142857143,7,1
20210519OBKT0,20210519,KT,OB,0,B,35,31,6,6,9,1,0,1,1,2,0,0,3,0,1,13,0,0,5,0.333333333,9,3
20210519SKHT0,20210519,HT,SK,0,B,43,35,5,5,11,1,0,0,3,0,2,0,6,0,0,6,1,1,11,0.166666667,18,3
20210519SKHT0,20210519,SK,HT,0,T,49,39,9,11,13,2,0,2,0,0,1,0,8,0,1,5,1,0,11,0.333333333,9,3
20210519WOSS0,20210519,SS,WO,0,B,40,37,2,2,11,1,0,1,1,0,0,0,3,0,0,10,1,0,11,0,8,0
20210519WOSS0,20210519,WO,SS,0,T,43,38,9,9,14,4,0,4,1,1,0,0,5,0,0,6,1,0,7,0.230769231,13,3
20210520NCLG0,20210520,LG,NC,0,B,32,31,1,1,5,1,0,0,0,0,0,0,1,0,0,4,2,1,4,0.333333333,3,1
20210520NCLG0,20210520,NC,LG,0,T,49,46,10,11,19,3,1,3,3,0,0,0,3,0,0,6,1,2,11,0.333333333,18,6
20210521HTSS0,20210521,HT,SS,0,T,37,36,3,3,10,2,0,0,0,0,0,0,1,0,0,7,1,0,7,0.428571429,7,3
20210521HTSS0,20210521,SS,HT,0,B,35,29,4,5,10,3,0,0,0,1,1,0,5,0,0,6,2,0,6,0.272727273,11,3
20210521KTHH0,20210521,KT,HH,0,T,34,30,0,0,4,1,0,0,0,0,0,0,4,0,0,9,1,1,7,0,5,0
20210521KTHH0,20210521,HH,KT,0,B,37,29,4,4,5,0,0,0,2,0,1,1,6,0,0,10,0,0,9,0.3,10,3
20210521LGSK0,20210521,SK,LG,0,B,44,33,4,6,11,0,0,0,0,0,1,1,6,0,3,4,1,0,12,0.125,8,1
20210521LGSK0,20210521,LG,SK,0,T,41,33,5,5,7,2,0,3,0,0,0,0,7,0,1,7,1,1,9,0.222222222,9,2
20210521LTOB0,20210521,LT,OB,0,T,43,39,9,9,13,0,1,1,0,0,0,1,3,0,0,6,1,1,7,0.6,10,6
20210521LTOB0,20210521,OB,LT,0,B,36,33,1,1,6,1,0,0,0,0,0,0,3,0,0,5,1,1,8,0.25,8,2
20210521NCWO0,20210521,WO,NC,0,B,31,27,2,2,4,1,0,0,2,0,0,0,4,0,0,7,1,0,5,0.142857143,7,1
20210521NCWO0,20210521,NC,WO,0,T,33,26,0,0,3,2,0,0,0,0,1,0,5,0,1,5,2,0,6,0,7,0
20210522HTSS0,20210522,SS,HT,0,B,35,32,3,4,7,0,1,0,1,0,1,1,1,0,0,6,0,2,4,0,4,0
20210522HTSS0,20210522,HT,SS,0,T,41,38,8,9,11,0,1,3,1,0,0,0,3,0,0,8,0,2,5,0.5,4,2
20210522KTHH0,20210522,HH,KT,0,B,34,27,3,5,5,1,0,2,1,2,0,0,7,0,0,8,1,1,5,0,4,0
20210522KTHH0,20210522,KT,HH,0,T,32,27,0,0,1,0,0,0,1,0,0,0,3,0,2,12,2,1,5,0,3,0
20210522LGSK0,20210522,SK,LG,0,B,38,33,8,8,9,1,1,3,2,0,0,1,4,0,0,12,0,1,6,0.375,8,3
20210522LGSK0,20210522,LG,SK,0,T,39,37,3,3,10,1,0,2,0,0,0,0,1,0,1,4,1,0,9,0.333333333,6,2
20210522LTOB0,20210522,LT,OB,0,T,45,37,3,3,9,5,0,0,1,0,0,1,7,1,0,7,1,0,12,0.214285714,14,3
20210522LTOB0,20210522,OB,LT,0,B,36,34,4,4,6,0,0,0,0,0,0,1,1,0,0,9,0,0,3,1,3,3
20210522NCWO0,20210522,WO,NC,0,B,47,41,11,13,19,7,0,0,1,0,0,3,2,0,1,8,0,0,10,0.5,22,11
20210522NCWO0,20210522,NC,WO,0,T,41,39,6,6,15,1,0,1,0,1,0,0,2,0,0,4,2,1,8,0.4,10,4
20210523HTSS0,20210523,HT,SS,0,T,45,37,5,5,11,2,0,1,0,2,0,1,5,0,2,8,0,1,13,0.111111111,9,1
20210523HTSS0,20210523,SS,HT,0,B,36,27,7,7,7,0,1,2,0,0,1,2,4,0,2,4,1,2,5,0.333333333,6,2
20210523KTHH0,20210523,KT,HH,0,T,46,32,7,8,5,2,0,1,2,0,0,0,14,0,0,7,0,1,11,0.230769231,13,3
20210523KTHH0,20210523,HH,KT,0,B,38,31,1,1,5,0,0,0,0,0,0,1,6,0,0,11,0,0,10,0.166666667,6,1
20210523LGSK0,20210523,SK,LG,0,B,38,35,7,8,11,3,0,1,2,0,0,1,2,0,0,3,0,0,6,0.285714286,14,4
20210523LGSK0,20210523,LG,SK,0,T,38,32,0,0,6,1,0,0,1,0,0,0,5,0,1,8,1,2,11,0,6,0
20210523LTOB0,20210523,OB,LT,0,B,37,30,2,4,9,2,0,1,1,1,1,0,6,0,0,7,2,0,9,0.111111111,9,1
20210523LTOB0,20210523,LT,OB,0,T,35,33,0,0,9,0,0,0,0,0,0,0,2,0,0,7,2,1,8,0,3,0
20210523NCWO0,20210523,NC,WO,0,T,44,41,4,4,14,2,0,1,0,0,0,0,3,0,0,6,1,2,13,0.214285714,14,3
20210523NCWO0,20210523,WO,NC,0,B,35,35,6,7,10,3,0,0,0,0,0,0,0,0,0,7,0,2,4,0.777777778,9,7
20210526HHOB0,20210526,OB,HH,0,B,44,36,9,9,12,2,0,2,1,0,0,0,8,0,0,6,0,0,11,0.384615385,13,5
20210526HHOB0,20210526,HH,OB,0,T,42,37,3,3,11,2,1,1,2,0,0,1,4,0,0,14,0,0,12,0.272727273,11,3
20210526LGLT0,20210526,LT,LG,0,B,33,30,3,3,5,0,0,1,0,0,1,0,2,1,0,7,1,0,3,0.4,5,2
20210526LGLT0,20210526,LG,LT,0,T,42,36,5,5,13,1,0,1,1,0,2,0,4,1,0,5,0,0,10,0.363636364,11,4
20210526SKKT0,20210526,SK,KT,0,T,55,44,9,9,10,3,0,1,3,0,1,1,9,0,0,12,1,1,10,0.2,15,3
20210526SKKT0,20210526,KT,SK,0,B,53,46,5,5,13,3,0,1,0,0,0,1,5,3,1,12,1,0,12,0.214285714,14,3
20210526SSNC0,20210526,NC,SS,0,B,35,31,1,1,4,0,0,1,0,0,0,0,4,0,0,10,0,0,7,0,3,0
20210526SSNC0,20210526,SS,NC,0,T,49,42,7,7,16,1,0,3,1,0,0,1,6,0,0,2,0,0,15,0.333333333,9,3
20210526WOHT0,20210526,HT,WO,0,B,31,26,3,3,3,0,0,1,1,1,0,0,4,0,1,6,1,1,4,0.333333333,3,1
20210526WOHT0,20210526,WO,HT,0,T,37,32,2,2,4,0,0,1,0,0,0,0,4,0,1,7,0,1,8,0.4,5,2
20210527HHOB0,20210527,OB,HH,0,B,33,29,0,0,4,0,0,0,2,0,0,0,4,0,0,7,2,1,6,0,4,0
20210527HHOB0,20210527,HH,OB,0,T,39,29,2,3,7,1,1,0,3,2,1,0,8,0,1,5,0,1,9,0.1,10,1
20210527LGLT0,20210527,LT,LG,0,B,30,28,1,1,3,1,0,0,0,0,0,0,2,0,0,5,1,2,2,0,3,0
20210527LGLT0,20210527,LG,LT,0,T,44,38,8,8,11,2,0,1,0,1,0,0,6,0,0,9,1,0,9,0.384615385,13,5
20210527SKKT0,20210527,SK,KT,0,T,44,36,5,5,9,2,0,0,0,2,1,1,6,0,0,8,1,0,9,0.363636364,11,4
20210527SKKT0,20210527,KT,SK,0,B,45,38,6,6,11,3,0,1,0,0,1,0,5,0,1,6,1,2,11,0.272727273,11,3
20210527SSNC0,20210527,NC,SS,0,B,39,32,6,6,11,2,0,1,0,0,2,0,5,0,0,8,0,2,9,0.272727273,11,3
20210527SSNC0,20210527,SS,NC,0,T,36,34,1,3,8,2,0,0,1,0,0,0,2,0,0,7,1,1,6,0.125,8,1
20210527WOHT0,20210527,HT,WO,0,B,36,32,5,5,10,1,0,0,0,0,0,0,4,0,0,5,1,0,7,0.3,10,3
20210527WOHT0,20210527,WO,HT,0,T,43,34,3,4,9,3,0,1,3,0,1,0,7,0,1,12,0,1,12,0.076923077,13,1
20210528KTHT0,20210528,HT,KT,0,B,49,37,6,7,12,1,0,0,1,0,1,0,10,2,1,4,2,0,14,0.333333333,15,5
20210528KTHT0,20210528,KT,HT,0,T,41,37,6,6,8,2,0,2,0,0,0,0,4,0,0,10,1,0,5,0.285714286,7,2
20210528OBSS0,20210528,SS,OB,0,B,40,37,4,4,12,2,0,0,0,0,1,0,2,0,0,7,0,1,9,0.307692308,13,4
20210528OBSS0,20210528,OB,SS,0,T,46,41,9,9,16,0,1,2,0,0,0,1,4,0,0,6,2,0,10,0.363636364,11,4
20210528SKHH0,20210528,SK,HH,0,T,49,41,12,12,14,3,0,2,1,0,0,0,8,0,0,12,0,0,10,0.428571429,14,6
20210528SKHH0,20210528,HH,SK,0,B,39,32,3,3,6,1,0,0,0,0,0,0,4,0,3,6,1,0,9,0.333333333,9,3
20210528WOLG0,20210528,LG,WO,0,B,33,30,3,3,8,0,0,1,2,0,1,0,1,0,1,5,1,0,6,0.2,10,2
20210528WOLG0,20210528,WO,LG,0,T,37,32,1,1,6,0,0,0,0,0,0,1,4,0,0,9,0,1,9,0,4,0
20210529KTHT0,20210529,HT,KT,0,B,41,37,5,5,14,2,0,0,0,0,0,1,3,0,0,7,2,1,9,0.333333333,12,4
20210529KTHT0,20210529,KT,HT,0,T,43,31,7,7,8,3,0,0,0,2,1,0,9,0,2,9,2,0,9,0.363636364,11,4
20210529NCLT1,20210529,NC,LT,1,T,43,39,9,10,12,2,0,2,1,0,0,1,2,0,1,9,0,0,6,0.333333333,9,3
20210529NCLT1,20210529,LT,NC,1,B,45,40,10,10,15,7,0,1,0,0,0,0,5,0,0,8,1,0,8,0.466666667,15,7
20210529NCLT2,20210529,NC,LT,2,T,42,39,5,6,12,5,0,0,1,0,0,0,2,0,1,10,1,1,9,0.214285714,14,3
20210529NCLT2,20210529,LT,NC,2,B,33,30,1,2,5,0,0,0,0,0,0,0,2,0,1,11,2,2,4,0.25,4,1
20210529OBSS0,20210529,OB,SS,0,T,43,35,4,4,10,2,0,0,0,0,0,1,5,0,2,5,1,0,12,0.214285714,14,3
20210529OBSS0,20210529,SS,OB,0,B,52,46,16,16,24,5,0,4,3,0,0,2,4,0,0,4,0,0,12,0.411764706,17,7
20210529SKHH0,20210529,SK,HH,0,T,46,35,5,6,8,1,1,0,0,0,0,1,9,0,1,8,0,0,13,0.214285714,14,3
20210529SKHH0,20210529,HH,SK,0,B,30,26,2,2,2,0,1,0,1,0,0,1,3,0,0,6,2,1,1,0.333333333,3,1
20210529WOLG0,20210529,LG,WO,0,B,39,32,2,2,7,3,0,0,0,0,0,1,5,0,1,9,1,0,10,0.125,8,1
20210529WOLG0,20210529,WO,LG,0,T,45,36,7,7,12,2,0,1,1,1,0,1,6,0,2,6,1,0,11,0.307692308,13,4
20210530KTHT0,20210530,KT,HT,0,T,36,31,3,4,7,2,0,0,3,0,1,1,2,0,1,6,1,0,5,0.333333333,6,2
20210530KTHT0,20210530,HT,KT,0,B,36,29,3,3,4,0,0,0,0,1,1,0,6,0,0,5,0,0,6,0.5,6,3
20210530NCLT0,20210530,LT,NC,0,B,41,34,4,4,8,2,0,1,0,0,0,0,6,0,1,6,1,0,10,0.222222222,9,2
20210530NCLT0,20210530,NC,LT,0,T,37,27,4,5,4,2,0,0,0,1,1,2,7,0,0,8,0,0,5,0.142857143,7,1
20210530OBSS0,20210530,OB,SS,0,T,37,34,4,4,9,1,0,2,1,0,0,0,2,0,1,8,2,0,6,0.333333333,3,1
20210530OBSS0,20210530,SS,OB,0,B,38,34,2,2,6,1,0,0,2,0,0,0,4,0,0,6,0,1,9,0.181818182,11,2
20210530SKHH0,20210530,HH,SK,0,B,38,32,1,1,8,2,0,0,0,0,1,0,5,0,0,5,2,1,10,0,7,0
20210530SKHH0,20210530,SK,HH,0,T,44,36,4,5,12,1,0,1,0,2,1,0,7,0,0,4,1,1,12,0.181818182,11,2
20210530WOLG0,20210530,WO,LG,0,T,35,31,2,2,6,1,0,1,0,0,0,1,3,0,0,6,1,1,6,0.166666667,6,1
20210530WOLG0,20210530,LG,WO,0,B,40,33,7,8,9,1,1,0,2,0,0,0,6,0,1,6,1,2,8,0.333333333,12,4
20210601HTHH0,20210601,HH,HT,0,B,38,35,9,9,12,3,0,2,0,1,0,0,2,0,1,8,1,0,5,0.307692308,13,4
20210601HTHH0,20210601,HT,HH,0,T,37,33,1,1,7,0,0,0,0,0,0,0,4,0,0,5,0,1,9,0.142857143,7,1
20210601KTLG0,20210601,LG,KT,0,B,30,26,1,1,3,1,0,0,0,0,0,0,3,0,1,6,4,0,2,0.5,2,1
20210601KTLG0,20210601,KT,LG,0,T,45,42,8,8,16,1,0,1,2,0,0,0,2,0,1,6,1,1,10,0.4,15,6
20210601LTWO0,20210601,LT,WO,0,T,36,34,3,3,9,1,0,2,0,2,0,0,2,0,0,8,0,0,6,0.166666667,6,1
20210601LTWO0,20210601,WO,LT,0,B,32,29,0,0,4,2,0,0,0,1,0,0,3,0,0,6,1,0,5,0,7,0
20210601OBNC0,20210601,OB,NC,0,T,38,35,4,4,10,3,0,1,0,0,1,0,2,0,0,8,1,0,7,0.3,10,3
20210601OBNC0,20210601,NC,OB,0,B,36,35,3,3,9,0,0,2,1,0,0,0,1,0,0,10,0,0,6,0.4,5,2
20210601SSSK0,20210601,SK,SS,0,B,33,29,1,1,6,1,0,0,0,1,1,0,3,1,0,4,0,0,7,0.5,2,1
20210601SSSK0,20210601,SS,SK,0,T,32,31,0,0,4,0,0,0,1,0,0,0,1,0,0,9,0,0,5,0,3,0
20210602HTHH0,20210602,HT,HH,0,T,41,34,5,5,10,4,0,0,0,2,0,0,6,0,1,8,2,1,9,0.333333333,12,4
20210602HTHH0,20210602,HH,HT,0,B,41,30,3,3,5,0,0,1,1,0,1,1,9,0,0,8,0,1,11,0,7,0
20210602KTLG0,20210602,KT,LG,0,T,36,34,5,5,8,5,0,1,0,0,0,0,2,0,0,6,1,0,4,0.571428571,7,4
20210602KTLG0,20210602,LG,KT,0,B,36,31,6,6,9,2,1,1,1,0,1,1,3,0,0,4,0,0,6,0.181818182,11,2
20210602LTWO0,20210602,WO,LT,0,B,37,28,2,2,2,0,0,0,1,0,0,1,4,0,4,8,0,0,8,0.166666667,6,1
20210602LTWO0,20210602,LT,WO,0,T,36,33,4,4,8,1,0,2,1,1,0,0,3,1,0,7,1,0,5,0.5,4,2
20210602OBNC0,20210602,NC,OB,0,B,43,33,7,9,12,3,0,1,1,0,1,2,5,0,2,2,1,1,10,0.384615385,13,5
20210602OBNC0,20210602,OB,NC,0,T,35,32,4,5,6,2,1,2,0,1,0,0,3,0,0,12,0,1,3,0.166666667,6,1
20210602SSSK0,20210602,SK,SS,0,B,41,31,7,7,8,2,0,3,1,0,0,0,8,0,2,3,3,2,7,0.4,5,2
20210602SSSK0,20210602,SS,SK,0,T,48,37,8,8,12,1,0,2,0,1,2,0,9,0,0,6,0,1,13,0.214285714,14,3
20210603LTWO0,20210603,WO,LT,0,B,43,37,9,9,13,3,1,0,1,1,0,0,6,0,0,4,0,2,10,0.375,16,6
20210603LTWO0,20210603,LT,WO,0,T,41,37,4,4,9,3,0,0,0,0,0,0,4,0,0,6,1,1,10,0.214285714,14,3
20210604HHNC0,20210604,HH,NC,0,T,35,32,3,3,7,1,0,2,0,0,0,0,3,0,0,7,2,0,5,0.333333333,3,1
20210604HHNC0,20210604,NC,HH,0,B,38,30,4,6,9,2,0,1,1,1,1,0,6,0,1,6,0,0,8,0.272727273,11,3
20210604LGHT0,20210604,LG,HT,0,T,37,33,3,3,7,0,0,1,0,1,1,0,2,0,1,8,0,1,7,0.25,4,1
20210604LGHT0,20210604,HT,LG,0,B,40,32,4,4,7,0,0,0,0,1,0,0,5,0,3,6,1,1,10,0.3,10,3
20210604LTKT0,20210604,KT,LT,0,B,31,28,0,0,3,0,0,0,0,0,0,0,3,0,0,7,2,3,4,0,1,0
20210604LTKT0,20210604,LT,KT,0,T,52,43,13,15,16,3,0,1,0,0,0,0,8,0,1,9,1,0,10,0.315789474,19,6
20210604SKOB0,20210604,OB,SK,0,B,31,29,1,3,6,2,1,0,0,1,0,0,2,0,0,4,1,0,4,0.166666667,6,1
20210604SKOB0,20210604,SK,OB,0,T,40,37,1,2,10,0,0,0,1,0,0,0,3,0,0,6,0,1,11,0.2,10,2
20210604SSWO0,20210604,WO,SS,0,B,38,32,3,3,7,1,0,1,0,0,0,0,6,0,0,7,2,0,8,0.25,4,1
20210604SSWO0,20210604,SS,WO,0,T,45,38,6,6,12,2,0,0,1,0,1,1,4,1,1,10,0,0,12,0.333333333,12,4
20210605HHNC0,20210605,HH,NC,0,T,37,35,1,1,8,0,0,1,0,0,0,0,2,0,0,11,0,0,9,0,6,0
20210605HHNC0,20210605,NC,HH,0,B,39,34,5,6,11,1,0,1,1,1,0,0,4,0,1,4,0,0,9,0.416666667,12,5
20210605LGHT0,20210605,LG,HT,0,T,46,42,8,8,16,6,0,1,0,1,0,0,4,0,0,6,0,1,11,0.421052632,19,8
20210605LGHT0,20210605,HT,LG,0,B,42,36,2,2,8,3,0,0,0,0,0,0,5,0,1,8,1,0,13,0.133333333,15,2
20210605LTKT0,20210605,LT,KT,0,T,34,32,1,1,5,0,0,0,0,0,0,0,2,0,0,10,0,0,6,0.5,2,1
20210605LTKT0,20210605,KT,LT,0,B,39,36,8,8,13,1,0,1,0,0,0,0,3,1,0,6,0,0,7,0.333333333,12,4
20210605SKOB0,20210605,SK,OB,0,T,38,35,5,5,10,0,0,2,1,0,0,1,1,0,1,11,1,0,6,0.142857143,7,1
20210605SKOB0,20210605,OB,SK,0,B,42,34,8,8,11,1,0,2,1,0,0,0,7,0,1,5,1,0,10,0.285714286,14,4
20210605SSWO0,20210605,WO,SS,0,B,39,37,6,6,15,1,0,1,1,0,0,0,2,0,0,7,1,0,9,0.4,10,4
20210605SSWO0,20210605,SS,WO,0,T,33,32,2,2,6,4,0,0,0,0,0,0,1,0,0,6,1,0,4,0.285714286,7,2
20210606HHNC0,20210606,NC,HH,0,B,45,38,10,10,12,3,0,2,1,0,1,0,6,1,0,4,0,0,8,0.444444444,9,4
20210606HHNC0,20210606,HH,NC,0,T,50,37,12,13,11,3,1,2,4,0,0,0,13,1,0,10,1,0,10,0.416666667,12,5
20210606LGHT0,20210606,LG,HT,0,T,43,37,9,10,11,2,0,2,2,0,0,0,5,0,1,5,1,0,6,0.625,8,5
20210606LGHT0,20210606,HT,LG,0,B,36,31,0,0,6,1,0,0,0,0,0,0,5,0,0,5,1,2,9,0,3,0
20210606LTKT0,20210606,LT,KT,0,T,52,44,8,8,15,2,0,1,0,0,0,0,8,0,0,10,1,0,14,0.4,15,6
20210606LTKT0,20210606,KT,LT,0,B,47,40,7,7,12,3,0,0,1,0,1,0,5,0,1,7,0,0,10,0.333333333,12,4
20210606SKOB0,20210606,OB,SK,0,B,32,31,1,1,5,0,0,1,0,0,1,0,0,0,0,14,0,0,4,0,3,0
20210606SKOB0,20210606,SK,OB,0,T,36,29,4,4,8,0,0,2,0,2,2,0,5,0,0,6,0,0,5,0.5,4,2
20210606SSWO0,20210606,SS,WO,0,T,37,33,2,3,10,0,0,0,1,0,1,0,3,0,0,7,2,0,7,0.2,10,2
20210606SSWO0,20210606,WO,SS,0,B,40,31,1,1,5,3,0,0,0,0,1,0,8,0,0,7,0,1,12,0,9,0
20210608HTSS0,20210608,SS,HT,0,B,38,31,7,7,10,2,0,0,0,0,1,0,6,0,0,6,1,0,7,0.416666667,12,5
20210608HTSS0,20210608,HT,SS,0,T,40,31,0,0,5,1,0,0,0,0,1,0,7,0,1,4,0,0,13,0,10,0
20210608KTSK0,20210608,SK,KT,0,B,37,34,2,2,6,0,0,1,0,0,0,0,1,0,2,8,0,0,8,0,4,0
20210608KTSK0,20210608,KT,SK,0,T,40,37,4,4,11,1,0,1,1,0,0,1,2,1,0,6,0,1,9,0.25,8,2
20210608NCLG0,20210608,NC,LG,0,T,32,28,1,1,4,0,0,1,0,0,0,0,4,0,0,6,2,0,4,0,3,0
20210608NCLG0,20210608,LG,NC,0,B,37,30,2,2,6,1,0,0,2,0,0,0,5,0,2,11,0,0,11,0.1,10,1
20210608OBLT0,20210608,OB,LT,0,T,44,36,9,9,9,5,0,0,2,0,0,1,3,0,4,12,0,0,8,0.428571429,14,6
20210608OBLT0,20210608,LT,OB,0,B,46,42,18,18,19,4,0,2,1,0,0,1,3,0,0,9,1,0,4,0.647058824,17,11
20210608WOHH0,20210608,HH,WO,0,B,33,25,1,4,4,2,0,0,0,1,1,0,6,0,1,7,2,2,5,0.181818182,11,2
20210608WOHH0,20210608,WO,HH,0,T,40,35,2,2,6,2,0,0,0,0,0,0,5,0,0,12,0,2,11,0.1,10,1
20210609HTSS0,20210609,SS,HT,0,B,44,36,5,5,10,1,0,1,0,0,0,0,5,0,3,9,1,0,12,0.3,10,3
20210609HTSS0,20210609,HT,SS,0,T,42,35,7,7,9,0,1,2,0,0,0,0,7,0,0,3,0,0,8,0.333333333,6,2
20210609KTSK0,20210609,KT,SK,0,T,42,37,5,7,13,2,0,2,2,1,0,0,5,0,0,3,2,0,8,0.153846154,13,2
20210609KTSK0,20210609,SK,KT,0,B,35,30,3,3,5,2,0,1,0,0,0,2,3,0,0,6,0,1,5,0.2,5,1
20210609NCLG0,20210609,NC,LG,0,T,42,38,3,3,10,2,0,0,2,0,0,0,2,0,2,8,0,0,12,0.181818182,11,2
20210609NCLG0,20210609,LG,NC,0,B,39,31,6,6,7,0,0,1,1,0,0,0,7,0,1,3,0,1,9,0.1,10,1
20210609OBLT0,20210609,LT,OB,0,B,45,37,8,8,10,2,0,1,0,0,0,1,6,0,1,9,0,0,10,0.333333333,9,3
20210609OBLT0,20210609,OB,LT,0,T,43,36,14,14,13,2,0,5,0,0,0,0,7,0,0,8,3,2,2,0.625,8,5
20210609WOHH0,20210609,HH,WO,0,B,35,30,2,2,3,0,0,0,0,0,0,0,4,0,1,10,0,1,6,0.5,4,2
20210609WOHH0,20210609,WO,HH,0,T,39,31,6,6,5,1,0,2,0,1,0,0,7,0,1,9,1,0,6,0.333333333,6,2
20210610HTSS0,20210610,HT,SS,0,T,39,35,2,2,8,2,0,0,0,0,0,0,4,0,0,12,1,0,10,0.3,10,3
20210610HTSS0,20210610,SS,HT,0,B,35,34,4,4,10,0,0,2,0,0,0,0,0,0,1,5,0,1,7,0,3,0
20210610NCLG0,20210610,LG,NC,0,B,35,32,0,0,6,0,0,0,0,0,0,0,1,0,2,6,1,0,8,0,2,0
20210610NCLG0,20210610,NC,LG,0,T,39,31,6,6,8,3,0,1,0,0,1,2,5,0,0,7,1,0,6,0.5,6,3
20210610OBLT0,20210610,OB,LT,0,T,37,32,4,4,8,2,0,1,1,1,1,1,3,0,0,2,1,0,6,0.25,8,2
20210610OBLT0,20210610,LT,OB,0,B,38,35,5,5,13,3,0,0,0,0,1,0,2,1,0,3,1,1,7,0.444444444,9,4
20210610WOHH0,20210610,WO,HH,0,T,36,31,0,0,4,1,0,0,0,0,2,0,2,0,1,6,0,0,9,0,10,0
20210610WOHH0,20210610,HH,WO,0,B,32,28,0,1,5,3,0,0,0,0,1,0,3,1,0,9,0,2,6,0.142857143,7,1
20210611HHKT0,20210611,KT,HH,0,B,42,38,6,6,10,3,1,1,1,0,1,0,3,0,0,5,0,1,6,0.333333333,12,4
20210611HHKT0,20210611,HH,KT,0,T,53,46,5,5,16,3,0,2,2,0,0,0,6,1,1,10,3,0,15,0.142857143,14,2
20210611NCSS0,20210611,SS,NC,0,B,34,31,4,4,5,0,0,3,1,1,0,0,2,0,1,7,0,0,3,0,1,0
20210611NCSS0,20210611,NC,SS,0,T,45,39,5,5,14,5,1,1,0,0,1,0,4,0,1,7,1,0,13,0.230769231,13,3
20210611OBLG0,20210611,LG,OB,0,B,38,27,3,3,5,1,0,0,1,1,0,0,10,0,1,3,0,0,11,0.166666667,6,1
20210611OBLG0,20210611,OB,LG,0,T,36,33,1,1,7,2,0,0,0,0,0,0,2,0,1,3,0,1,8,0.166666667,6,1
20210611WOSK0,20210611,WO,SK,0,T,42,34,6,6,10,0,0,2,0,0,0,0,8,0,0,7,3,2,9,0.222222222,9,2
20210611WOSK0,20210611,SK,WO,0,B,38,34,8,8,12,0,0,4,2,0,0,1,3,0,0,6,2,0,6,0.142857143,7,1
20210612HHKT0,20210612,HH,KT,0,T,42,35,2,2,9,2,0,1,1,0,1,0,5,0,1,14,0,3,13,0.071428571,14,1
20210612HHKT0,20210612,KT,HH,0,B,41,33,4,7,11,2,0,1,2,2,0,0,8,3,0,9,1,0,10,0.272727273,11,3
20210612NCSS0,20210612,SS,NC,0,B,37,32,4,4,10,2,0,0,0,0,1,0,4,0,0,6,1,0,9,0.307692308,13,4
20210612NCSS0,20210612,NC,SS,0,T,36,30,1,1,6,1,0,1,0,0,1,0,5,0,0,8,2,1,8,0.125,8,1
20210612OBLG0,20210612,OB,LG,0,T,47,41,8,8,10,3,0,0,1,0,0,0,5,0,1,9,0,0,9,0.461538462,13,6
20210612OBLG0,20210612,LG,OB,0,B,37,33,3,3,6,1,0,1,0,0,0,1,3,0,0,7,2,1,4,0.25,4,1
20210612WOSK0,20210612,SK,WO,0,B,40,28,4,5,5,0,0,2,2,0,2,0,9,2,1,3,1,1,10,0,8,0
20210612WOSK0,20210612,WO,SK,0,T,38,34,4,4,6,1,1,1,0,0,0,0,4,0,0,14,0,2,7,0.142857143,7,1
20210613HHKT0,20210613,KT,HH,0,B,36,31,5,6,7,2,0,2,1,0,0,0,5,0,0,5,1,1,6,0.25,8,2
20210613HHKT0,20210613,HH,KT,0,T,39,36,3,3,10,6,0,0,3,0,1,0,2,0,0,9,0,1,9,0.230769231,13,3
20210613HTLT1,20210613,HT,LT,1,T,42,37,5,6,12,3,0,1,1,0,0,0,4,0,1,6,1,0,9,0.272727273,11,3
20210613HTLT1,20210613,LT,HT,1,B,44,35,8,8,12,2,0,1,1,0,0,0,8,0,1,7,1,0,12,0.384615385,13,5
20210613HTLT2,20210613,HT,LT,2,T,41,36,6,6,11,0,0,1,2,0,1,0,4,0,0,4,1,0,8,0.4,10,4
20210613HTLT2,20210613,LT,HT,2,B,44,35,3,3,11,1,0,1,2,0,1,0,8,0,0,8,1,0,14,0.083333333,12,1
20210613NCSS0,20210613,SS,NC,0,B,35,30,5,5,7,2,0,0,1,0,0,1,2,1,2,9,0,0,6,0.181818182,11,2
20210613NCSS0,20210613,NC,SS,0,T,42,29,3,3,6,1,0,0,2,0,1,0,11,0,1,7,2,1,12,0.111111111,9,1
20210613OBLG0,20210613,LG,OB,0,B,40,32,2,2,9,1,0,0,0,0,0,0,5,0,3,7,1,0,14,0.076923077,13,1
20210613OBLG0,20210613,OB,LG,0,T,32,30,0,0,5,0,0,0,1,1,0,0,1,0,1,7,1,0,5,0,5,0
20210613WOSK0,20210613,SK,WO,0,B,34,30,3,3,5,0,0,2,1,0,0,0,3,0,1,7,1,0,4,0.333333333,3,1
20210613WOSK0,20210613,WO,SK,0,T,38,31,7,7,5,1,0,2,0,1,0,0,7,0,0,8,0,0,4,0.4,5,2
20210615LGWO0,20210615,WO,LG,0,B,36,33,2,2,8,2,0,0,3,1,0,0,3,1,0,7,1,0,7,0.285714286,7,2
20210615LGWO0,20210615,LG,WO,0,T,37,32,4,4,9,1,0,0,0,1,0,0,4,0,1,8,1,0,6,0.5,4,2
20210615LTHH0,20210615,LT,HH,0,T,35,29,2,2,6,1,1,0,0,0,1,0,5,0,0,8,0,0,6,0,9,0
20210615LTHH0,20210615,HH,LT,0,B,33,29,3,3,7,1,0,1,3,1,0,0,4,0,0,10,1,0,6,0,7,0
20210615SSOB0,20210615,OB,SS,0,B,42,36,5,6,10,1,0,1,0,0,0,0,5,0,1,11,2,1,9,0.375,8,3
20210615SSOB0,20210615,SS,OB,0,T,43,37,7,8,11,1,1,1,1,1,1,0,4,0,1,5,0,1,8,0.307692308,13,4
20210616KTNC0,20210616,NC,KT,0,B,32,31,3,3,5,0,0,1,1,0,0,0,1,0,0,11,0,0,2,1,1,1
20210616KTNC0,20210616,KT,NC,0,T,44,36,7,7,10,1,0,2,1,1,0,0,7,0,1,10,0,0,10,0.363636364,11,4
20210616LGWO0,20210616,WO,LG,0,B,38,31,5,6,8,1,0,1,1,1,0,0,6,0,1,4,0,0,8,0.333333333,12,4
20210616LGWO0,20210616,LG,WO,0,T,39,34,3,3,8,1,0,1,0,0,0,0,4,0,1,6,1,1,9,0.125,8,1
20210616LTHH1,20210616,HH,LT,1,B,40,34,8,9,12,6,0,1,1,0,1,0,4,0,1,11,1,0,7,0.294117647,17,5
20210616LTHH1,20210616,LT,HH,1,T,40,33,3,4,8,2,0,0,0,0,0,2,5,0,0,9,0,0,9,0.083333333,12,1
20210616LTHH2,20210616,HH,LT,2,B,35,32,3,4,9,0,0,1,1,0,0,0,2,0,1,10,1,0,7,0.125,8,1
20210616LTHH2,20210616,LT,HH,2,T,35,31,3,3,6,0,0,1,3,0,0,0,3,0,1,8,2,0,5,0.142857143,7,1
20210616SKHT1,20210616,SK,HT,1,T,50,34,10,10,9,4,0,1,0,0,0,2,12,0,2,3,2,0,13,0.153846154,13,2
20210616SKHT1,20210616,HT,SK,1,B,40,34,1,1,8,2,0,1,0,0,0,0,6,0,0,7,1,2,12,0,9,0
20210616SKHT2,20210616,HT,SK,2,B,35,30,2,2,7,0,0,0,0,1,1,0,4,0,0,7,0,2,9,0.285714286,7,2
20210616SKHT2,20210616,SK,HT,2,T,34,31,0,0,2,1,0,0,0,0,0,0,3,0,0,15,0,1,7,0,3,0
20210616SSOB0,20210616,OB,SS,0,B,35,34,3,3,8,3,0,1,0,0,0,0,1,0,0,9,1,1,5,0,10,0
20210616SSOB0,20210616,SS,OB,0,T,36,34,5,5,7,2,0,1,1,0,1,0,1,0,0,5,0,0,4,0.111111111,9,1
20210617KTNC0,20210617,KT,NC,0,T,32,28,1,1,3,0,0,1,0,1,0,0,4,0,0,5,1,0,4,0,2,0
20210617KTNC0,20210617,NC,KT,0,B,38,34,9,9,10,3,0,1,0,0,0,0,3,0,1,12,0,0,5,0.571428571,7,4
20210617LGWO0,20210617,WO,LG,0,B,43,37,5,5,13,4,1,0,0,0,0,1,5,1,0,10,2,0,11,0.2,10,2
20210617LGWO0,20210617,LG,WO,0,T,42,33,6,6,12,2,0,1,1,1,3,1,5,2,0,6,0,0,9,0.214285714,14,3
20210617LTHH0,20210617,LT,HH,0,T,44,40,9,9,15,4,0,4,0,1,0,1,3,0,0,6,0,0,8,0.4,10,4
20210617LTHH0,20210617,HH,LT,0,B,38,33,2,2,7,2,0,1,1,0,0,0,5,0,0,10,0,1,9,0.181818182,11,2
20210617SKHT0,20210617,HT,SK,0,B,33,29,3,3,5,2,1,0,0,0,1,2,0,0,1,5,0,1,3,0,7,0
20210617SKHT0,20210617,SK,HT,0,T,44,38,6,6,12,2,0,3,1,0,0,0,4,0,2,3,0,0,11,0.230769231,13,3
20210617SSOB0,20210617,SS,OB,0,T,34,32,2,2,6,2,0,0,1,0,0,0,2,0,0,5,0,1,5,0,6,0
20210617SSOB0,20210617,OB,SS,0,B,38,35,5,6,11,2,1,0,4,0,0,0,3,0,0,5,0,0,8,0.363636364,11,4
20210618HTLG0,20210618,LG,HT,0,B,31,28,5,5,5,0,0,2,1,0,0,0,3,0,0,1,1,1,2,0.4,5,2
20210618HTLG0,20210618,HT,LG,0,T,33,29,0,0,3,0,0,0,0,0,0,0,3,0,1,2,0,0,6,0,1,0
20210618OBKT0,20210618,OB,KT,0,T,50,45,11,11,17,4,0,0,2,0,0,1,4,0,0,12,0,1,12,0.347826087,23,8
20210618OBKT0,20210618,KT,OB,0,B,37,33,3,3,7,0,0,3,0,0,1,0,3,0,0,10,0,1,7,0,6,0
20210618SKHH0,20210618,SK,HH,0,T,46,36,2,3,10,2,1,0,2,1,0,1,7,1,2,9,1,0,13,0,9,0
20210618SKHH0,20210618,HH,SK,0,B,41,33,4,4,8,2,1,0,0,0,1,0,6,0,1,9,2,2,9,0.3,10,3
20210618SSLT0,20210618,LT,SS,0,B,34,30,6,7,5,3,0,2,0,0,0,0,4,0,0,3,0,0,3,0.111111111,9,1
20210618SSLT0,20210618,SS,LT,0,T,36,32,4,4,6,1,0,1,0,0,0,0,4,0,0,5,1,2,5,0.5,4,2
20210618WONC0,20210618,NC,WO,0,B,33,28,5,5,7,1,0,1,0,0,2,1,2,1,0,6,0,0,4,0.4,5,2
20210618WONC0,20210618,WO,NC,0,T,35,33,0,0,7,2,0,0,1,1,0,0,2,0,0,8,0,0,8,0,4,0
20210619HTLG0,20210619,HT,LG,0,T,45,41,2,2,14,1,0,0,2,0,0,0,4,0,0,4,1,0,16,0.125,16,2
20210619HTLG0,20210619,LG,HT,0,B,37,32,7,7,9,2,0,1,0,0,0,0,3,0,2,3,1,1,6,0.4,10,4
20210619OBKT1,20210619,KT,OB,1,B,36,33,3,3,7,1,0,0,0,1,0,0,3,0,0,9,0,0,6,0.375,8,3
20210619OBKT1,20210619,OB,KT,1,T,44,36,9,9,14,3,0,3,0,0,1,0,7,0,0,6,4,0,8,0.307692308,13,4
20210619OBKT2,20210619,KT,OB,2,B,37,29,4,4,7,1,0,0,0,0,1,0,6,1,1,6,1,0,9,0.333333333,6,2
20210619OBKT2,20210619,OB,KT,2,T,37,31,3,3,7,1,0,1,0,0,0,2,4,0,0,7,1,0,7,0.111111111,9,1
20210619SKHH0,20210619,HH,SK,0,B,43,34,4,5,10,2,0,1,2,0,0,1,6,0,2,9,2,0,11,0.272727273,11,3
20210619SKHH0,20210619,SK,HH,0,T,37,32,7,7,9,0,0,5,1,3,1,0,3,1,1,7,0,1,3,0.5,2,1
20210619SSLT0,20210619,SS,LT,0,T,48,40,8,9,15,5,0,1,2,0,1,0,7,0,0,4,0,0,12,0.25,20,5
20210619SSLT0,20210619,LT,SS,0,B,36,32,1,1,8,1,0,0,0,0,0,0,4,0,0,3,3,2,8,0.142857143,7,1
20210619WONC0,20210619,WO,NC,0,T,47,40,11,12,17,4,1,1,0,0,1,2,3,0,1,7,2,1,8,0.428571429,14,6
20210619WONC0,20210619,NC,WO,0,B,40,37,7,7,12,0,0,4,1,0,0,0,3,0,0,9,3,1,6,0.142857143,7,1
20210620HTLG0,20210620,LG,HT,0,B,38,29,6,6,7,1,0,1,0,0,0,2,7,0,0,2,0,0,8,0.125,8,1
20210620HTLG0,20210620,HT,LG,0,T,34,32,0,0,7,0,0,0,1,1,0,0,2,0,0,6,0,0,7,0.333333333,3,1
20210620OBKT0,20210620,KT,OB,0,B,34,32,4,4,9,1,0,1,1,0,0,0,2,0,0,7,1,1,6,0.285714286,7,2
20210620OBKT0,20210620,OB,KT,0,T,31,29,1,1,8,1,0,0,0,0,0,0,2,0,0,0,6,0,3,0.166666667,6,1
20210620SKHH0,20210620,HH,SK,0,B,34,27,1,3,3,0,0,1,2,3,0,0,7,0,0,9,0,0,4,0,7,0
20210620SKHH0,20210620,SK,HH,0,T,41,38,4,4,11,0,0,2,1,0,0,0,2,0,1,8,0,2,10,0.142857143,7,1
20210620SSLT0,20210620,SS,LT,0,T,43,38,7,7,11,2,0,1,2,1,0,0,5,0,0,6,0,1,9,0.25,16,4
20210620SSLT0,20210620,LT,SS,0,B,38,34,7,8,13,1,1,2,1,0,0,1,3,0,0,2,2,1,6,0.2,10,2
20210620WONC0,20210620,NC,WO,0,B,38,34,4,4,8,1,0,0,0,0,0,0,3,0,1,9,3,1,7,0.25,12,3
20210620WONC0,20210620,WO,NC,0,T,45,35,7,8,9,0,0,1,2,0,0,1,8,0,1,9,0,1,10,0.25,8,2
20210622HHSS0,20210622,SS,HH,0,B,41,37,9,9,14,1,1,2,0,1,0,1,3,0,0,2,1,1,8,0.266666667,15,4
20210622HHSS0,20210622,HH,SS,0,T,30,29,0,0,3,0,0,0,0,0,0,0,1,0,0,12,1,2,3,0,1,0
20210622HTKT0,20210622,KT,HT,0,B,36,27,6,6,6,2,0,0,1,0,3,1,5,0,0,5,0,0,6,0.25,8,2
20210622HTKT0,20210622,HT,KT,0,T,35,29,3,3,5,1,1,0,0,0,1,2,3,0,0,11,0,0,5,0.166666667,6,1
20210622LGSK0,20210622,LG,SK,0,T,46,41,14,14,16,2,0,7,0,0,1,0,3,0,1,7,1,1,5,0.5,10,5
20210622LGSK0,20210622,SK,LG,0,B,33,28,1,1,3,0,0,1,0,0,0,0,4,0,1,5,3,1,5,0,2,0
20210622NCLT0,20210622,LT,NC,0,B,37,33,2,2,7,1,0,1,0,1,0,0,4,0,0,3,0,0,8,0,8,0
20210622NCLT0,20210622,NC,LT,0,T,40,31,4,5,7,2,0,2,0,0,1,0,7,1,1,12,1,0,8,0.111111111,9,1
20210622WOOB0,20210622,WO,OB,0,T,40,30,3,3,7,0,0,0,1,0,0,2,6,0,2,4,2,1,10,0.25,8,2
20210622WOOB0,20210622,OB,WO,0,B,42,35,10,10,13,1,0,1,2,1,0,1,5,0,1,2,1,0,8,0.5,12,6
20210623HHSS0,20210623,HH,SS,0,T,33,32,0,0,5,0,1,0,1,1,0,0,1,0,0,8,1,1,6,0,4,0
20210623HHSS0,20210623,SS,HH,0,B,37,31,3,3,9,1,0,1,1,0,1,0,5,0,0,2,1,2,10,0.181818182,11,2
20210623HTKT0,20210623,KT,HT,0,B,35,33,0,1,6,0,0,0,0,0,0,0,1,0,1,13,0,1,7,0.2,5,1
20210623HTKT0,20210623,HT,KT,0,T,33,30,2,2,3,0,0,0,1,0,0,1,1,0,1,5,0,0,4,0.5,2,1
20210623LGSK0,20210623,LG,SK,0,T,40,33,4,4,7,1,0,1,0,0,0,0,7,0,0,6,2,0,9,0.125,8,1
20210623LGSK0,20210623,SK,LG,0,B,37,27,7,7,6,2,0,1,0,0,2,0,4,0,4,2,0,1,6,0.444444444,9,4
20210623NCLT0,20210623,LT,NC,0,B,44,37,13,13,16,3,0,2,0,1,0,2,5,0,0,8,0,1,7,0.777777778,9,7
20210623NCLT0,20210623,NC,LT,0,T,42,35,5,7,9,2,0,2,1,0,1,0,4,0,2,7,1,0,8,0.3,10,3
20210623WOOB0,20210623,WO,OB,0,T,41,35,4,4,10,3,1,0,2,0,1,1,4,0,0,6,0,0,10,0.142857143,14,2
20210623WOOB0,20210623,OB,WO,0,B,40,35,3,3,9,1,0,0,1,0,0,0,5,0,0,4,1,0,10,0.2,10,2
20210624HHSS0,20210624,SS,HH,0,B,35,30,2,3,7,2,0,1,0,0,1,0,4,1,0,7,0,0,8,0.142857143,7,1
20210624HHSS0,20210624,HH,SS,0,T,35,32,2,2,7,2,1,0,0,0,0,0,3,0,0,7,1,0,6,0.222222222,9,2
20210624HTKT0,20210624,HT,KT,0,T,34,31,3,3,6,2,1,0,0,0,0,1,2,0,0,9,1,2,4,0.4,5,2
20210624HTKT0,20210624,KT,HT,0,B,42,33,5,6,8,1,0,1,2,0,0,0,8,1,1,3,1,0,12,0.083333333,12,1
20210624LGSK0,20210624,LG,SK,0,T,38,34,5,5,9,1,0,2,1,0,1,0,3,0,0,6,0,1,6,0.166666667,6,1
20210624LGSK0,20210624,SK,LG,0,B,38,31,7,8,11,2,0,1,0,1,0,1,5,0,1,5,2,0,6,0.375,8,3
20210624NCLT0,20210624,NC,LT,0,T,38,33,6,6,9,1,0,1,0,1,0,2,1,0,2,7,0,1,5,0.375,8,3
20210624NCLT0,20210624,LT,NC,0,B,39,34,4,4,8,2,0,0,0,0,0,0,4,0,1,6,2,0,8,0.285714286,7,2
20210624WOOB0,20210624,WO,OB,0,T,42,38,2,2,7,1,0,1,0,1,1,0,3,0,0,12,0,0,7,0.142857143,7,1
20210624WOOB0,20210624,OB,WO,0,B,46,38,1,1,7,1,0,0,1,0,2,0,6,2,0,12,0,0,12,0,11,0
20210625HTWO0,20210625,HT,WO,0,T,40,34,5,5,8,3,0,1,1,0,0,0,6,0,0,7,1,0,8,0.444444444,9,4
20210625HTWO0,20210625,WO,HT,0,B,48,38,14,14,16,2,1,2,1,0,0,1,8,0,1,1,1,1,10,0.5,18,9
20210625KTHH0,20210625,HH,KT,0,B,19,18,0,0,2,0,1,0,0,0,0,0,1,0,0,7,0,0,4,0,3,0
20210625KTHH0,20210625,KT,HH,0,T,22,17,2,2,4,1,1,0,1,0,0,0,5,0,0,5,0,1,5,0.2,5,1
20210625LTOB0,20210625,OB,LT,0,B,35,32,0,1,5,0,0,0,0,0,0,0,3,0,0,8,0,0,7,0,3,0
20210625LTOB0,20210625,LT,OB,0,T,45,39,8,9,14,6,0,1,0,0,0,1,4,0,1,9,1,1,9,0.384615385,13,5
20210625SKNC0,20210625,NC,SK,0,B,45,39,11,11,17,2,1,1,0,0,0,0,6,1,0,4,3,2,9,0.545454545,11,6
20210625SKNC0,20210625,SK,NC,0,T,47,39,9,10,12,5,0,2,0,0,0,1,7,0,0,5,0,0,10,0.333333333,15,5
20210626HTWO0,20210626,HT,WO,0,T,35,33,1,1,5,0,0,0,1,0,0,0,2,0,0,6,0,1,7,0.142857143,7,1
20210626HTWO0,20210626,WO,HT,0,B,39,35,6,6,12,0,0,1,0,0,0,0,4,0,0,10,1,1,9,0.3,10,3
20210626KTHH0,20210626,KT,HH,0,T,42,36,11,11,10,0,0,4,1,0,0,0,6,0,0,5,1,0,4,0.8,5,4
20210626KTHH0,20210626,HH,KT,0,B,34,31,2,2,5,1,0,0,0,0,0,0,3,0,0,11,0,0,5,0.25,4,1
20210626LGSS1,20210626,LG,SS,1,T,46,36,9,10,11,4,0,2,1,0,1,1,8,0,0,4,2,0,9,0.214285714,14,3
20210626LGSS1,20210626,SS,LG,1,B,40,38,5,5,14,0,0,3,1,1,0,0,2,0,0,6,2,3,8,0.3,10,3
20210626LGSS2,20210626,LG,SS,2,T,46,35,7,7,10,0,0,1,0,1,0,1,9,0,1,8,0,3,12,0.090909091,11,1
20210626LGSS2,20210626,SS,LG,2,B,40,33,9,10,8,1,0,2,0,0,0,1,6,0,0,5,1,0,6,0.333333333,12,4
20210626LTOB0,20210626,LT,OB,0,T,37,36,4,4,11,0,0,1,1,0,0,0,1,0,0,8,1,1,6,0.5,6,3
20210626LTOB0,20210626,OB,LT,0,B,34,29,2,3,5,2,0,0,0,1,1,0,4,0,0,7,1,0,4,0.25,8,2
20210626SKNC0,20210626,SK,NC,0,T,54,47,9,10,15,2,0,2,1,1,1,0,6,0,0,11,1,1,8,0.461538462,13,6
20210626SKNC0,20210626,NC,SK,0,B,57,49,8,10,16,2,0,3,4,0,1,0,7,2,0,12,1,1,11,0.25,12,3
20210627HTWO0,20210627,HT,WO,0,T,36,32,3,4,5,0,0,0,0,0,0,0,3,0,1,11,0,0,5,0.25,8,2
20210627HTWO0,20210627,WO,HT,0,B,38,30,5,5,6,2,0,2,0,0,1,0,7,0,0,8,0,0,8,0.4,5,2
20210627KTHH0,20210627,KT,HH,0,T,44,35,11,11,11,3,0,2,1,0,1,0,8,1,0,8,1,1,6,0.555555556,9,5
20210627KTHH0,20210627,HH,KT,0,B,37,35,1,1,8,1,0,0,0,0,0,0,2,0,0,11,1,1,9,0,5,0
20210627LGSS0,20210627,LG,SS,0,T,45,42,9,9,16,2,1,3,0,0,1,0,2,0,0,7,0,2,9,0.357142857,14,5
20210627LGSS0,20210627,SS,LG,0,B,40,38,4,5,12,1,1,0,4,0,1,0,1,0,0,7,2,0,8,0.277777778,18,5
20210627SKNC0,20210627,NC,SK,0,B,33,32,4,4,7,3,0,1,0,0,0,0,1,1,0,4,0,0,4,0.333333333,6,2
20210627SKNC0,20210627,SK,NC,0,T,40,32,3,3,7,2,0,0,1,0,0,0,8,0,0,6,1,0,10,0.2,10,2
20210629LTWO0,20210629,LT,WO,0,T,48,42,13,13,17,1,0,2,0,0,0,1,4,0,1,6,2,0,8,0.4375,16,7
20210629LTWO0,20210629,WO,LT,0,B,43,33,4,5,9,3,0,0,1,0,0,1,8,0,1,8,2,1,11,0.111111111,9,1
20210629NCHT0,20210629,NC,HT,0,T,39,35,6,7,10,1,0,3,1,1,0,0,4,0,0,12,0,0,5,0.428571429,7,3
20210629NCHT0,20210629,HT,NC,0,B,38,35,3,3,8,1,0,2,0,0,0,0,3,0,0,6,0,0,8,0,4,0
20210629SSSK0,20210629,SS,SK,0,T,40,35,3,3,10,1,0,1,2,0,0,1,3,1,1,4,1,2,10,0.166666667,6,1
20210629SSSK0,20210629,SK,SS,0,B,39,36,9,10,14,2,0,4,0,0,0,0,3,0,0,4,1,0,5,0.333333333,12,4
20210630KTLG0,20210630,KT,LG,0,T,32,28,4,4,6,0,0,0,0,1,1,1,1,0,1,7,0,0,1,0.4,5,2
20210630KTLG0,20210630,LG,KT,0,B,30,29,3,3,5,0,0,1,0,1,0,0,1,0,0,2,1,0,0,1,1,1
20210630LTWO0,20210630,LT,WO,0,T,37,34,5,5,7,2,0,1,0,1,0,0,3,0,0,9,0,1,5,0.1,10,1
20210630LTWO0,20210630,WO,LT,0,B,40,33,6,6,10,2,0,0,0,0,1,1,5,0,0,5,0,1,10,0.461538462,13,6
20210630OBHH0,20210630,HH,OB,0,B,44,35,6,6,13,1,0,2,0,1,2,0,6,0,1,6,2,0,11,0.090909091,11,1
20210630OBHH0,20210630,OB,HH,0,T,42,34,8,8,9,1,0,1,0,0,1,0,7,0,0,6,0,0,7,0.5,8,4
20210630SSSK1,20210630,SS,SK,1,T,38,34,3,3,8,1,0,0,0,0,1,1,1,0,1,5,0,2,8,0.25,8,2
20210630SSSK1,20210630,SK,SS,1,B,35,31,3,3,6,0,0,1,1,0,0,0,4,0,0,4,4,1,5,0.25,4,1
20210630SSSK2,20210630,SS,SK,2,T,37,35,4,4,8,1,0,2,1,0,0,0,2,1,0,7,0,0,6,0.142857143,7,1
20210630SSSK2,20210630,SK,SS,2,B,41,35,8,8,12,4,0,2,0,1,0,0,5,0,1,4,0,0,9,0.333333333,12,4
20210701KTLG0,20210701,KT,LG,0,T,39,34,5,6,8,0,0,1,0,0,1,0,4,1,0,6,1,0,6,0.285714286,7,2
20210701KTLG0,20210701,LG,KT,0,B,36,34,1,1,7,1,0,0,0,0,0,0,2,0,0,7,0,0,8,0.2,5,1
20210701LTWO0,20210701,LT,WO,0,T,31,29,1,1,3,1,0,0,0,0,0,1,1,0,0,9,0,0,3,0,2,0
20210701LTWO0,20210701,WO,LT,0,B,45,35,13,13,12,5,0,0,2,1,0,0,10,0,0,2,0,0,8,0.368421053,19,7
20210701NCHT0,20210701,HT,NC,0,B,38,32,6,6,11,1,0,1,2,0,0,1,5,0,0,5,0,1,8,0.181818182,11,2
20210701NCHT0,20210701,NC,HT,0,T,42,36,3,3,9,1,0,1,0,0,0,1,4,0,1,8,0,0,12,0,8,0
20210701OBHH0,20210701,HH,OB,0,B,35,33,3,3,8,2,0,0,0,0,0,1,1,0,0,13,1,1,5,0.4,5,2
20210701OBHH0,20210701,OB,HH,0,T,45,39,10,10,13,3,1,2,0,0,0,1,4,0,1,6,1,0,8,0.307692308,13,4
20210701SSSK0,20210701,SS,SK,0,T,47,39,8,8,12,0,0,2,2,1,0,1,6,0,1,6,1,1,9,0.333333333,15,5
20210701SSSK0,20210701,SK,SS,0,B,46,40,6,7,12,4,0,0,1,0,1,0,4,1,1,7,1,0,9,0.357142857,14,5
20210702HHLG0,20210702,LG,HH,0,B,35,32,2,3,7,2,0,0,1,0,0,0,3,0,0,6,3,0,5,0.142857143,7,1
20210702HHLG0,20210702,HH,LG,0,T,40,34,5,5,11,2,0,0,1,0,1,2,1,0,2,10,0,1,8,0.375,8,3
20210702LTSK0,20210702,LT,SK,0,T,45,42,6,6,15,1,0,0,0,0,0,1,1,0,1,5,2,0,9,0.363636364,11,4
20210702LTSK0,20210702,SK,LT,0,B,46,37,5,5,7,2,0,2,0,0,0,0,8,0,1,9,0,0,11,0.25,8,2
20210702OBHT0,20210702,OB,HT,0,T,38,35,2,3,9,3,0,0,1,0,0,1,2,0,0,8,1,0,8,0.285714286,7,2
20210702OBHT0,20210702,HT,OB,0,B,37,34,8,8,11,3,0,2,1,0,0,0,3,1,0,2,1,0,5,0.363636364,11,4
20210702SSNC0,20210702,NC,SS,0,B,36,29,2,2,6,0,0,1,0,1,1,1,3,0,2,3,1,3,7,0,5,0
20210702SSNC0,20210702,SS,NC,0,T,47,37,5,5,9,1,0,1,5,0,1,0,7,0,2,6,0,0,15,0.210526316,19,4
20210702WOKT0,20210702,KT,WO,0,B,30,26,3,4,5,0,0,0,0,1,2,0,2,1,0,5,1,0,2,0.666666667,3,2
20210702WOKT0,20210702,WO,KT,0,T,37,33,1,1,6,0,0,0,0,0,0,0,4,0,0,7,0,2,9,0.125,8,1
20210704HHLG0,20210704,HH,LG,0,T,30,28,0,0,4,1,0,0,0,0,0,0,1,0,1,4,2,0,3,0,3,0
20210704HHLG0,20210704,LG,HH,0,B,35,33,5,5,10,0,0,1,0,0,0,0,2,0,0,5,0,0,6,0.428571429,7,3
20210704LTSK0,20210704,SK,LT,0,B,43,37,4,4,9,1,0,1,1,0,1,0,4,0,1,9,0,1,12,0.153846154,13,2
20210704LTSK0,20210704,LT,SK,0,T,43,34,6,6,9,2,0,0,0,0,1,1,7,0,0,6,1,1,10,0.428571429,7,3
20210704OBHT0,20210704,OB,HT,0,T,36,31,3,3,7,2,0,1,0,0,0,0,5,0,0,3,2,0,6,0.2,10,2
20210704OBHT0,20210704,HT,OB,0,B,38,32,7,7,11,1,1,2,1,0,0,1,5,0,0,3,2,0,7,0.454545455,11,5
20210704SSNC0,20210704,SS,NC,0,T,27,25,5,5,11,1,0,0,0,0,1,0,1,0,0,2,1,0,7,0.333333333,12,4
20210704SSNC0,20210704,NC,SS,0,B,19,15,0,0,1,0,0,0,0,0,0,0,4,0,0,6,1,1,4,0,2,0
20210704WOKT0,20210704,KT,WO,0,B,43,37,12,12,12,3,0,1,0,0,0,1,4,0,1,9,0,0,7,0.333333333,15,5
20210704WOKT0,20210704,WO,KT,0,T,40,34,3,3,7,0,0,1,0,0,0,0,6,0,0,11,0,1,10,0.1,10,1
20210705HHLG0,20210705,HH,LG,0,T,39,30,6,6,7,0,0,0,0,0,2,1,5,0,1,4,1,0,6,0.333333333,9,3
20210705HHLG0,20210705,LG,HH,0,B,46,30,7,7,7,1,0,0,0,0,0,2,13,0,1,3,1,0,13,0.25,8,2
20210705LTSK0,20210705,LT,SK,0,T,43,34,4,4,9,1,0,1,2,0,0,1,7,0,1,6,0,0,12,0.166666667,12,2
20210705LTSK0,20210705,SK,LT,0,B,40,33,10,10,11,3,0,3,0,0,0,0,6,0,1,3,2,0,6,0.4,10,4
20210705WOKT0,20210705,KT,WO,0,B,41,35,5,5,10,3,0,1,0,0,1,0,4,0,1,5,1,1,9,0.363636364,11,4
20210705WOKT0,20210705,WO,KT,0,T,46,43,15,15,15,1,0,4,1,0,0,0,2,0,1,3,0,0,4,0.625,8,5
20210706NCOB0,20210706,OB,NC,0,B,43,38,3,3,12,2,0,1,0,0,0,0,5,0,0,4,2,1,13,0.090909091,11,1
20210706NCOB0,20210706,NC,OB,0,T,41,34,7,7,11,0,1,3,1,1,0,1,4,0,2,5,2,1,7,0.181818182,11,2
20210706SKWO0,20210706,WO,SK,0,B,35,29,4,4,7,1,0,0,0,0,1,0,4,0,1,14,0,2,7,0.25,8,2
20210706SKWO0,20210706,SK,WO,0,T,34,31,0,0,5,0,0,0,0,2,0,0,3,0,0,9,0,1,7,0,2,0
20210707HTHH0,20210707,HH,HT,0,B,43,35,1,1,6,0,0,0,0,3,1,0,6,0,1,10,0,0,9,0.2,5,1
20210707HTHH0,20210707,HT,HH,0,T,44,38,4,4,7,3,0,0,0,1,0,0,5,0,1,9,0,0,7,0.285714286,7,2
20210707NCOB0,20210707,OB,NC,0,B,41,31,4,4,8,2,0,0,1,0,0,0,9,0,1,8,0,0,13,0.285714286,14,4
20210707NCOB0,20210707,NC,OB,0,T,35,35,2,2,8,0,0,0,0,0,0,0,0,0,0,12,0,0,6,0.4,5,2
20210707SKWO0,20210707,WO,SK,0,B,40,35,6,8,10,3,0,0,2,0,0,0,4,1,1,7,0,0,8,0.2,15,3
20210707SKWO0,20210707,SK,WO,0,T,34,32,2,2,6,2,0,0,1,0,0,0,1,0,1,7,1,2,5,0.166666667,6,1
20210708KTSS0,20210708,SS,KT,0,B,32,31,2,2,7,2,0,1,1,0,0,0,1,0,0,8,2,0,3,0.333333333,6,2
20210708KTSS0,20210708,KT,SS,0,T,37,32,3,3,8,2,0,2,0,0,1,0,4,0,0,9,0,0,7,0.142857143,7,1
20210708SKWO0,20210708,WO,SK,0,B,41,33,3,3,7,2,0,0,1,0,0,0,7,0,1,9,1,0,11,0.153846154,13,2
20210708SKWO0,20210708,SK,WO,0,T,44,35,9,9,13,2,0,1,0,0,1,2,5,1,1,5,2,0,8,0.454545455,11,5
20210709HHSK0,20210709,HH,SK,0,T,47,39,9,9,12,2,0,3,0,0,1,0,5,0,2,11,0,1,11,0.307692308,13,4
20210709HHSK0,20210709,SK,HH,0,B,37,29,3,3,4,1,0,0,0,0,0,1,7,0,0,6,2,1,7,0.5,4,2
20210709KTHT0,20210709,HT,KT,0,B,41,36,10,10,15,3,0,0,0,0,0,2,2,0,1,6,1,0,7,0.461538462,13,6
20210709KTHT0,20210709,KT,HT,0,T,36,34,4,4,10,1,0,1,0,0,0,1,1,0,0,7,2,1,5,0.4,5,2
20210709LTSS0,20210709,LT,SS,0,T,53,45,9,9,16,2,0,2,0,0,1,0,6,0,1,3,2,0,11,0.333333333,15,5
20210709LTSS0,20210709,SS,LT,0,B,49,41,4,5,9,2,0,1,0,1,0,0,6,1,2,10,0,1,11,0.222222222,9,2
20210710HHSK0,20210710,HH,SK,0,T,38,27,3,3,4,0,0,0,1,2,0,1,10,0,0,5,0,0,8,0.333333333,3,1
20210710HHSK0,20210710,SK,HH,0,B,33,28,1,1,2,0,0,1,1,0,0,0,5,0,0,12,0,0,5,0,4,0
20210710LTSS0,20210710,SS,LT,0,B,33,32,3,3,8,1,0,2,0,0,0,1,0,0,0,4,0,0,6,0,5,0
20210710LTSS0,20210710,LT,SS,0,T,33,33,2,2,7,1,0,0,1,0,0,0,0,0,0,7,1,1,4,0.285714286,7,2
20210711HHSK0,20210711,SK,HH,0,B,41,33,8,8,13,1,0,1,0,1,1,0,4,0,3,5,2,0,9,0.333333333,15,5
20210711HHSK0,20210711,HH,SK,0,T,31,30,2,2,4,0,0,1,0,0,0,0,1,0,0,8,1,0,2,0,1,0
20210711KTHT0,20210711,KT,HT,0,T,34,29,0,0,2,0,0,0,1,1,0,0,5,0,0,5,0,1,7,0,5,0
20210711KTHT0,20210711,HT,KT,0,B,31,29,2,2,4,1,0,1,1,0,0,0,2,0,0,14,0,1,5,0.2,5,1
20210711LTSS0,20210711,LT,SS,0,T,34,31,0,0,6,0,0,0,0,1,0,0,3,0,0,6,1,2,7,0,7,0
20210711LTSS0,20210711,SS,LT,0,B,41,37,9,11,14,3,0,3,0,0,2,1,1,0,0,5,0,0,6,0.444444444,9,4
